{"__meta":{"schema_version":3,"schema_name":"KMeansModelV3","schema_type":"KMeansModel"},"model_id":{"__meta":{"schema_version":3,"schema_name":"ModelKeyV3","schema_type":"Key<Model>"},"name":"KMeans_model_python_1545397751789_1","type":"Key<Model>","URL":"/3/Models/KMeans_model_python_1545397751789_1"},"algo":"kmeans","algo_full_name":"K-means","response_column_name":null,"data_frame":{"__meta":{"schema_version":3,"schema_name":"FrameKeyV3","schema_type":"Key<Frame>"},"name":"py_3_sid_b782","type":"Key<Frame>","URL":"/3/Frames/py_3_sid_b782"},"timestamp":0,"have_pojo":true,"have_mojo":true,"algo":"kmeans","algo_full_name":"K-means","model_id":{"__meta":{"schema_version":3,"schema_name":"ModelKeyV3","schema_type":"Key<Model>"},"name":"KMeans_model_python_1545397751789_1","type":"Key<Model>","URL":"/3/Models/KMeans_model_python_1545397751789_1"},"parameters":[{"__meta":{"schema_version":3,"schema_name":"ModelParameterSchemaV3","schema_type":"Iced"},"name":"model_id","label":"model_id","help":"Destination id for this model; auto-generated if not specified.","required":false,"type":"Key<Model>","default_value":null,"actual_value":{"__meta":{"schema_version":3,"schema_name":"ModelKeyV3","schema_type":"Key<Model>"},"name":"KMeans_model_python_1545397751789_1","type":"Key<Model>","URL":"/3/Models/KMeans_model_python_1545397751789_1"},"level":"critical","values":[],"is_member_of_frames":[],"is_mutually_exclusive_with":[],"gridable":false},{"__meta":{"schema_version":3,"schema_name":"ModelParameterSchemaV3","schema_type":"Iced"},"name":"training_frame","label":"training_frame","help":"Id of the training data frame.","required":false,"type":"Key<Frame>","default_value":null,"actual_value":{"__meta":{"schema_version":3,"schema_name":"FrameKeyV3","schema_type":"Key<Frame>"},"name":"py_3_sid_b782","type":"Key<Frame>","URL":"/3/Frames/py_3_sid_b782"},"level":"critical","values":[],"is_member_of_frames":[],"is_mutually_exclusive_with":[],"gridable":false},{"__meta":{"schema_version":3,"schema_name":"ModelParameterSchemaV3","schema_type":"Iced"},"name":"validation_frame","label":"validation_frame","help":"Id of the validation data frame.","required":false,"type":"Key<Frame>","default_value":null,"actual_value":null,"level":"critical","values":[],"is_member_of_frames":[],"is_mutually_exclusive_with":[],"gridable":true},{"__meta":{"schema_version":3,"schema_name":"ModelParameterSchemaV3","schema_type":"Iced"},"name":"nfolds","label":"nfolds","help":"Number of folds for K-fold cross-validation (0 to disable or >= 2).","required":false,"type":"int","default_value":0,"actual_value":0,"level":"critical","values":[],"is_member_of_frames":[],"is_mutually_exclusive_with":[],"gridable":false},{"__meta":{"schema_version":3,"schema_name":"ModelParameterSchemaV3","schema_type":"Iced"},"name":"keep_cross_validation_models","label":"keep_cross_validation_models","help":"Whether to keep the cross-validation models.","required":false,"type":"boolean","default_value":true,"actual_value":true,"level":"expert","values":[],"is_member_of_frames":[],"is_mutually_exclusive_with":[],"gridable":false},{"__meta":{"schema_version":3,"schema_name":"ModelParameterSchemaV3","schema_type":"Iced"},"name":"keep_cross_validation_predictions","label":"keep_cross_validation_predictions","help":"Whether to keep the predictions of the cross-validation models.","required":false,"type":"boolean","default_value":false,"actual_value":false,"level":"expert","values":[],"is_member_of_frames":[],"is_mutually_exclusive_with":[],"gridable":false},{"__meta":{"schema_version":3,"schema_name":"ModelParameterSchemaV3","schema_type":"Iced"},"name":"keep_cross_validation_fold_assignment","label":"keep_cross_validation_fold_assignment","help":"Whether to keep the cross-validation fold assignment.","required":false,"type":"boolean","default_value":false,"actual_value":false,"level":"expert","values":[],"is_member_of_frames":[],"is_mutually_exclusive_with":[],"gridable":false},{"__meta":{"schema_version":3,"schema_name":"ModelParameterSchemaV3","schema_type":"Iced"},"name":"fold_assignment","label":"fold_assignment","help":"Cross-validation fold assignment scheme, if fold_column is not specified. The 'Stratified' option will stratify the folds based on the response variable, for classification problems.","required":false,"type":"enum","default_value":"AUTO","actual_value":"AUTO","level":"secondary","values":["AUTO","Random","Modulo","Stratified"],"is_member_of_frames":[],"is_mutually_exclusive_with":[],"gridable":true},{"__meta":{"schema_version":3,"schema_name":"ModelParameterSchemaV3","schema_type":"Iced"},"name":"fold_column","label":"fold_column","help":"Column with cross-validation fold index assignment per observation.","required":false,"type":"VecSpecifier","default_value":null,"actual_value":null,"level":"secondary","values":[],"is_member_of_frames":["training_frame"],"is_mutually_exclusive_with":["response_column","weights_column","ignored_columns","offset_column"],"gridable":true},{"__meta":{"schema_version":3,"schema_name":"ModelParameterSchemaV3","schema_type":"Iced"},"name":"ignored_columns","label":"ignored_columns","help":"Names of columns to ignore for training.","required":false,"type":"string[]","default_value":null,"actual_value":["rating"],"level":"critical","values":[],"is_member_of_frames":["training_frame","validation_frame"],"is_mutually_exclusive_with":["response_column","weights_column","offset_column","fold_column"],"gridable":false},{"__meta":{"schema_version":3,"schema_name":"ModelParameterSchemaV3","schema_type":"Iced"},"name":"ignore_const_cols","label":"ignore_const_cols","help":"Ignore constant columns.","required":false,"type":"boolean","default_value":true,"actual_value":true,"level":"critical","values":[],"is_member_of_frames":[],"is_mutually_exclusive_with":[],"gridable":false},{"__meta":{"schema_version":3,"schema_name":"ModelParameterSchemaV3","schema_type":"Iced"},"name":"score_each_iteration","label":"score_each_iteration","help":"Whether to score during each iteration of model training.","required":false,"type":"boolean","default_value":false,"actual_value":false,"level":"secondary","values":[],"is_member_of_frames":[],"is_mutually_exclusive_with":[],"gridable":false},{"__meta":{"schema_version":3,"schema_name":"ModelParameterSchemaV3","schema_type":"Iced"},"name":"k","label":"k","help":"The max. number of clusters. If estimate_k is disabled, the model will find k centroids, otherwise it will find up to k centroids.","required":false,"type":"int","default_value":1,"actual_value":4,"level":"critical","values":[],"is_member_of_frames":[],"is_mutually_exclusive_with":[],"gridable":true},{"__meta":{"schema_version":3,"schema_name":"ModelParameterSchemaV3","schema_type":"Iced"},"name":"estimate_k","label":"estimate_k","help":"Whether to estimate the number of clusters (<=k) iteratively and deterministically.","required":false,"type":"boolean","default_value":false,"actual_value":false,"level":"critical","values":[],"is_member_of_frames":[],"is_mutually_exclusive_with":[],"gridable":true},{"__meta":{"schema_version":3,"schema_name":"ModelParameterSchemaV3","schema_type":"Iced"},"name":"user_points","label":"user_points","help":"This option allows you to specify a dataframe, where each row represents an initial cluster center. The user-specified points must have the same number of columns as the training observations. The number of rows must equal the number of clusters","required":false,"type":"Key<Frame>","default_value":null,"actual_value":null,"level":"expert","values":[],"is_member_of_frames":[],"is_mutually_exclusive_with":[],"gridable":false},{"__meta":{"schema_version":3,"schema_name":"ModelParameterSchemaV3","schema_type":"Iced"},"name":"max_iterations","label":"max_iterations","help":"Maximum training iterations (if estimate_k is enabled, then this is for each inner Lloyds iteration)","required":false,"type":"int","default_value":10,"actual_value":10,"level":"critical","values":[],"is_member_of_frames":[],"is_mutually_exclusive_with":[],"gridable":true},{"__meta":{"schema_version":3,"schema_name":"ModelParameterSchemaV3","schema_type":"Iced"},"name":"standardize","label":"standardize","help":"Standardize columns before computing distances","required":false,"type":"boolean","default_value":true,"actual_value":true,"level":"critical","values":[],"is_member_of_frames":[],"is_mutually_exclusive_with":[],"gridable":true},{"__meta":{"schema_version":3,"schema_name":"ModelParameterSchemaV3","schema_type":"Iced"},"name":"seed","label":"seed","help":"RNG Seed","required":false,"type":"long","default_value":-1,"actual_value":2,"level":"secondary","values":[],"is_member_of_frames":[],"is_mutually_exclusive_with":[],"gridable":true},{"__meta":{"schema_version":3,"schema_name":"ModelParameterSchemaV3","schema_type":"Iced"},"name":"init","label":"init","help":"Initialization mode","required":false,"type":"enum","default_value":"Furthest","actual_value":"Random","level":"critical","values":["Random","PlusPlus","Furthest","User"],"is_member_of_frames":[],"is_mutually_exclusive_with":[],"gridable":true},{"__meta":{"schema_version":3,"schema_name":"ModelParameterSchemaV3","schema_type":"Iced"},"name":"max_runtime_secs","label":"max_runtime_secs","help":"Maximum allowed runtime in seconds for model training. Use 0 to disable.","required":false,"type":"double","default_value":0.0,"actual_value":0.0,"level":"secondary","values":[],"is_member_of_frames":[],"is_mutually_exclusive_with":[],"gridable":true},{"__meta":{"schema_version":3,"schema_name":"ModelParameterSchemaV3","schema_type":"Iced"},"name":"categorical_encoding","label":"categorical_encoding","help":"Encoding scheme for categorical features","required":false,"type":"enum","default_value":"AUTO","actual_value":"AUTO","level":"secondary","values":["AUTO","Enum","OneHotInternal","OneHotExplicit","Binary","Eigen","LabelEncoder","SortByResponse","EnumLimited"],"is_member_of_frames":[],"is_mutually_exclusive_with":[],"gridable":true}],"output":{"__meta":{"schema_version":3,"schema_name":"KMeansModelOutputV3","schema_type":"KMeansOutput"},"names":["mfr","type","calories","protein","fat","sodium","fiber","carbo","sugars","potass","vitamins","shelf","weight","cups"],"domains":[["A","G","K","N","P","Q","R"],["C","H"],null,null,null,null,null,null,null,null,null,null,null,null],"cross_validation_models":null,"cross_validation_predictions":null,"cross_validation_holdout_predictions_frame_id":null,"cross_validation_fold_assignment_frame_id":null,"model_category":"Clustering","model_summary":{"__meta":{"schema_version":3,"schema_name":"TwoDimTableV3","schema_type":"TwoDimTable"},"name":"Model Summary","description":"","columns":[{"__meta":{"schema_version":-1,"schema_name":"ColumnSpecsBase","schema_type":"Iced"},"name":"","type":"string","format":"%s","description":""},{"__meta":{"schema_version":-1,"schema_name":"ColumnSpecsBase","schema_type":"Iced"},"name":"number_of_rows","type":"long","format":"%d","description":"Number of Rows"},{"__meta":{"schema_version":-1,"schema_name":"ColumnSpecsBase","schema_type":"Iced"},"name":"number_of_clusters","type":"long","format":"%d","description":"Number of Clusters"},{"__meta":{"schema_version":-1,"schema_name":"ColumnSpecsBase","schema_type":"Iced"},"name":"number_of_categorical_columns","type":"long","format":"%d","description":"Number of Categorical Columns"},{"__meta":{"schema_version":-1,"schema_name":"ColumnSpecsBase","schema_type":"Iced"},"name":"number_of_iterations","type":"long","format":"%d","description":"Number of Iterations"},{"__meta":{"schema_version":-1,"schema_name":"ColumnSpecsBase","schema_type":"Iced"},"name":"within_cluster_sum_of_squares","type":"double","format":"%.5f","description":"Within Cluster Sum of Squares"},{"__meta":{"schema_version":-1,"schema_name":"ColumnSpecsBase","schema_type":"Iced"},"name":"total_sum_of_squares","type":"double","format":"%.5f","description":"Total Sum of Squares"},{"__meta":{"schema_version":-1,"schema_name":"ColumnSpecsBase","schema_type":"Iced"},"name":"between_cluster_sum_of_squares","type":"double","format":"%.5f","description":"Between Cluster Sum of Squares"}],"rowcount":1,"data":[[""],[77],[4],[2],[5],[648.928179326006],[969.0000000000005],[320.07182067399447]]},"scoring_history":{"__meta":{"schema_version":3,"schema_name":"TwoDimTableV3","schema_type":"TwoDimTable"},"name":"Scoring History","description":"","columns":[{"__meta":{"schema_version":-1,"schema_name":"ColumnSpecsBase","schema_type":"Iced"},"name":"","type":"string","format":"%s","description":""},{"__meta":{"schema_version":-1,"schema_name":"ColumnSpecsBase","schema_type":"Iced"},"name":"timestamp","type":"string","format":"%s","description":"Timestamp"},{"__meta":{"schema_version":-1,"schema_name":"ColumnSpecsBase","schema_type":"Iced"},"name":"duration","type":"string","format":"%s","description":"Duration"},{"__meta":{"schema_version":-1,"schema_name":"ColumnSpecsBase","schema_type":"Iced"},"name":"iterations","type":"long","format":"%d","description":"Iterations"},{"__meta":{"schema_version":-1,"schema_name":"ColumnSpecsBase","schema_type":"Iced"},"name":"number_of_reassigned_observations","type":"long","format":"%d","description":"Number of Reassigned Observations"},{"__meta":{"schema_version":-1,"schema_name":"ColumnSpecsBase","schema_type":"Iced"},"name":"within_cluster_sum_of_squares","type":"double","format":"%.5f","description":"Within Cluster Sum Of Squares"}],"rowcount":6,"data":[["","","","","",""],["2018-12-21 10:15:12","2018-12-21 10:15:12","2018-12-21 10:15:12","2018-12-21 10:15:12","2018-12-21 10:15:12","2018-12-21 10:15:12"],[" 0.015 sec"," 0.045 sec"," 0.060 sec"," 0.110 sec"," 0.112 sec"," 0.114 sec"],[0,1,2,3,4,5],["NaN",77.0,9.0,3.0,2.0,0.0],["NaN",890.1230665997786,673.6909145745872,655.2710306505941,650.8945933727466,648.928179326006]]},"training_metrics":{"__meta":{"schema_version":3,"schema_name":"ModelMetricsClusteringV3","schema_type":"ModelMetricsClustering"},"model":{"__meta":{"schema_version":3,"schema_name":"ModelKeyV3","schema_type":"Key<Model>"},"name":"KMeans_model_python_1545397751789_1","type":"Key<Model>","URL":"/3/Models/KMeans_model_python_1545397751789_1"},"model_checksum":5484422957141243552,"frame":null,"frame_checksum":0,"description":null,"model_category":"Clustering","scoring_time":1545398113001,"predictions":null,"MSE":"NaN","RMSE":"NaN","nobs":0,"custom_metric_name":null,"custom_metric_value":0.0,"tot_withinss":648.9281822752816,"totss":969.0000010541062,"betweenss":320.07181877882454,"centroid_stats":{"__meta":{"schema_version":3,"schema_name":"TwoDimTableV3","schema_type":"TwoDimTable"},"name":"Centroid Statistics","description":"","columns":[{"__meta":{"schema_version":-1,"schema_name":"ColumnSpecsBase","schema_type":"Iced"},"name":"","type":"string","format":"%s","description":""},{"__meta":{"schema_version":-1,"schema_name":"ColumnSpecsBase","schema_type":"Iced"},"name":"centroid","type":"long","format":"%d","description":"Centroid"},{"__meta":{"schema_version":-1,"schema_name":"ColumnSpecsBase","schema_type":"Iced"},"name":"size","type":"double","format":"%.5f","description":"Size"},{"__meta":{"schema_version":-1,"schema_name":"ColumnSpecsBase","schema_type":"Iced"},"name":"within_cluster_sum_of_squares","type":"double","format":"%.5f","description":"Within Cluster Sum of Squares"}],"rowcount":4,"data":[["","","",""],[1,2,3,4],[23,2,29,23],[79.22082126512669,15.911321813757102,297.3371717286045,256.45886746779337]]}},"validation_metrics":null,"cross_validation_metrics":null,"cross_validation_metrics_summary":null,"status":null,"start_time":1545398112892,"end_time":1545398113004,"run_time":112,"help":{"cross_validation_metrics_summary":"Cross-validation model metrics summary", "run_time":"Runtime in milliseconds", "centers_std":"Cluster Centers[k][features] on Standardized Data", "status":"Job status", "domains":"Domains for categorical columns", "centers":"Cluster Centers[k][features]", "model_category":"Category of the model (e.g., Binomial)", "__meta":"Metadata on this schema instance, to make it self-describing.", "model_summary":"Model summary", "scoring_history":"Scoring history", "help":"Help information for output fields", "end_time":"End time in milliseconds", "names":"Column names", "cross_validation_fold_assignment_frame_id":"Cross-validation fold assignment (each row is assigned to one holdout fold)", "start_time":"Start time in milliseconds", "training_metrics":"Training data model metrics", "cross_validation_models":"Cross-validation models (model ids)", "cross_validation_metrics":"Cross-validation model metrics", "cross_validation_predictions":"Cross-validation predictions, one per cv model (deprecated, use cross_validation_holdout_predictions_frame_id instead)", "cross_validation_holdout_predictions_frame_id":"Cross-validation holdout predictions (full out-of-sample predictions on training data)", "validation_metrics":"Validation data model metrics"},"centers":{"__meta":{"schema_version":3,"schema_name":"TwoDimTableV3","schema_type":"TwoDimTable"},"name":"Cluster Means","description":"","columns":[{"__meta":{"schema_version":-1,"schema_name":"ColumnSpecsBase","schema_type":"Iced"},"name":"centroid","type":"string","format":"%s","description":"Centroid"},{"__meta":{"schema_version":-1,"schema_name":"ColumnSpecsBase","schema_type":"Iced"},"name":"mfr","type":"string","format":"%s","description":"mfr"},{"__meta":{"schema_version":-1,"schema_name":"ColumnSpecsBase","schema_type":"Iced"},"name":"type","type":"string","format":"%s","description":"type"},{"__meta":{"schema_version":-1,"schema_name":"ColumnSpecsBase","schema_type":"Iced"},"name":"calories","type":"double","format":"%f","description":"calories"},{"__meta":{"schema_version":-1,"schema_name":"ColumnSpecsBase","schema_type":"Iced"},"name":"protein","type":"double","format":"%f","description":"protein"},{"__meta":{"schema_version":-1,"schema_name":"ColumnSpecsBase","schema_type":"Iced"},"name":"fat","type":"double","format":"%f","description":"fat"},{"__meta":{"schema_version":-1,"schema_name":"ColumnSpecsBase","schema_type":"Iced"},"name":"sodium","type":"double","format":"%f","description":"sodium"},{"__meta":{"schema_version":-1,"schema_name":"ColumnSpecsBase","schema_type":"Iced"},"name":"fiber","type":"double","format":"%f","description":"fiber"},{"__meta":{"schema_version":-1,"schema_name":"ColumnSpecsBase","schema_type":"Iced"},"name":"carbo","type":"double","format":"%f","description":"carbo"},{"__meta":{"schema_version":-1,"schema_name":"ColumnSpecsBase","schema_type":"Iced"},"name":"sugars","type":"double","format":"%f","description":"sugars"},{"__meta":{"schema_version":-1,"schema_name":"ColumnSpecsBase","schema_type":"Iced"},"name":"potass","type":"double","format":"%f","description":"potass"},{"__meta":{"schema_version":-1,"schema_name":"ColumnSpecsBase","schema_type":"Iced"},"name":"vitamins","type":"double","format":"%f","description":"vitamins"},{"__meta":{"schema_version":-1,"schema_name":"ColumnSpecsBase","schema_type":"Iced"},"name":"shelf","type":"double","format":"%f","description":"shelf"},{"__meta":{"schema_version":-1,"schema_name":"ColumnSpecsBase","schema_type":"Iced"},"name":"weight","type":"double","format":"%f","description":"weight"},{"__meta":{"schema_version":-1,"schema_name":"ColumnSpecsBase","schema_type":"Iced"},"name":"cups","type":"double","format":"%f","description":"cups"}],"rowcount":4,"data":[["1","2","3","4"],["G","Q","K","K"],["C","C","C","C"],[110.43478260869566,110.0,97.24137931034483,115.21739130434783],[1.5652173913043481,4.0,2.6206896551724137,3.304347826086957],[1.0434782608695652,3.5,0.413793103448276,1.5217391304347827],[172.17391304347825,7.5,153.9655172413793,167.6086956521739],[0.6521739130434783,2.35,1.6206896551724137,4.304347826086957],[12.608695652173914,3.5,17.82758620689655,13.478260869565217],[11.086956521739129,3.5,2.862068965517242,8.173913043478262],[47.13043478260871,122.5,71.86206896551724,173.26086956521738],[25.0,3.552713678800501E-15,30.17241379310345,31.52173913043478],[1.7826086956521738,2.0,2.0,2.91304347826087],[1.0,1.0,0.9596551724137931,1.15],[0.8752173913043478,0.8350000000000001,0.9393103448275862,0.6165217391304348]]},"centers_std":{"__meta":{"schema_version":3,"schema_name":"TwoDimTableV3","schema_type":"TwoDimTable"},"name":"Standardized Cluster Means","description":"","columns":[{"__meta":{"schema_version":-1,"schema_name":"ColumnSpecsBase","schema_type":"Iced"},"name":"centroid","type":"string","format":"%s","description":"Centroid"},{"__meta":{"schema_version":-1,"schema_name":"ColumnSpecsBase","schema_type":"Iced"},"name":"mfr","type":"string","format":"%s","description":"mfr"},{"__meta":{"schema_version":-1,"schema_name":"ColumnSpecsBase","schema_type":"Iced"},"name":"type","type":"string","format":"%s","description":"type"},{"__meta":{"schema_version":-1,"schema_name":"ColumnSpecsBase","schema_type":"Iced"},"name":"calories","type":"double","format":"%f","description":"calories"},{"__meta":{"schema_version":-1,"schema_name":"ColumnSpecsBase","schema_type":"Iced"},"name":"protein","type":"double","format":"%f","description":"protein"},{"__meta":{"schema_version":-1,"schema_name":"ColumnSpecsBase","schema_type":"Iced"},"name":"fat","type":"double","format":"%f","description":"fat"},{"__meta":{"schema_version":-1,"schema_name":"ColumnSpecsBase","schema_type":"Iced"},"name":"sodium","type":"double","format":"%f","description":"sodium"},{"__meta":{"schema_version":-1,"schema_name":"ColumnSpecsBase","schema_type":"Iced"},"name":"fiber","type":"double","format":"%f","description":"fiber"},{"__meta":{"schema_version":-1,"schema_name":"ColumnSpecsBase","schema_type":"Iced"},"name":"carbo","type":"double","format":"%f","description":"carbo"},{"__meta":{"schema_version":-1,"schema_name":"ColumnSpecsBase","schema_type":"Iced"},"name":"sugars","type":"double","format":"%f","description":"sugars"},{"__meta":{"schema_version":-1,"schema_name":"ColumnSpecsBase","schema_type":"Iced"},"name":"potass","type":"double","format":"%f","description":"potass"},{"__meta":{"schema_version":-1,"schema_name":"ColumnSpecsBase","schema_type":"Iced"},"name":"vitamins","type":"double","format":"%f","description":"vitamins"},{"__meta":{"schema_version":-1,"schema_name":"ColumnSpecsBase","schema_type":"Iced"},"name":"shelf","type":"double","format":"%f","description":"shelf"},{"__meta":{"schema_version":-1,"schema_name":"ColumnSpecsBase","schema_type":"Iced"},"name":"weight","type":"double","format":"%f","description":"weight"},{"__meta":{"schema_version":-1,"schema_name":"ColumnSpecsBase","schema_type":"Iced"},"name":"cups","type":"double","format":"%f","description":"cups"}],"rowcount":4,"data":[["1","2","3","4"],["G","Q","K","K"],["C","C","C","C"],[0.18228515824714256,0.1599704409418484,-0.49485109101695657,0.4277470486053786],[-0.8953656677384971,1.3286071198700293,0.06872105792431231,0.6931863234104507],[0.0302951606532561,2.4710191684678877,-0.5953405325308423,0.5054803657145118],[0.14909037540196118,-1.8152350981146252,-0.06810987838985813,0.09463382762130332],[-0.6292677750081597,0.0830976514755135,-0.2229027562360701,0.9030931936122899],[-0.4647644927742093,-2.593483520368515,0.7548998862984232,-0.2615454925265429],[0.9370047215985148,-0.7698911490303422,-0.9134113926727843,0.28163496038285063],[-0.686627520187605,0.3706446815621749,-0.33969611292773877,1.0827100380910861],[-0.14531721951587825,-1.264259809788142,0.08618814398872804,0.1465808475116688],[-0.5107161607341871,-0.24959302410382556,-0.24959302410382556,0.8471241497436928],[-0.19677710891089686,-0.1967771089108969,-0.4648903838924862,0.8000542980719352],[0.23280908074085274,0.059991709445728736,0.5082216668682175,-0.8788269832656211]]}},"compatible_frames":null}
