{"__meta":{"schema_version":3,"schema_name":"GBMModelV3","schema_type":"GBMModel"},"model_id":{"__meta":{"schema_version":3,"schema_name":"ModelKeyV3","schema_type":"Key<Model>"},"name":"wine_qlty_gbm","type":"Key<Model>","URL":"/3/Models/wine_qlty_gbm"},"algo":"gbm","algo_full_name":"Gradient Boosting Machine","response_column_name":"quality","data_frame":{"__meta":{"schema_version":3,"schema_name":"FrameKeyV3","schema_type":"Key<Frame>"},"name":"py_2_sid_ba6c","type":"Key<Frame>","URL":"/3/Frames/py_2_sid_ba6c"},"timestamp":1545936804508,"have_pojo":true,"have_mojo":true,"algo":"gbm","algo_full_name":"Gradient Boosting Machine","model_id":{"__meta":{"schema_version":3,"schema_name":"ModelKeyV3","schema_type":"Key<Model>"},"name":"wine_qlty_gbm","type":"Key<Model>","URL":"/3/Models/wine_qlty_gbm"},"parameters":[{"__meta":{"schema_version":3,"schema_name":"ModelParameterSchemaV3","schema_type":"Iced"},"name":"model_id","label":"model_id","help":"Destination id for this model; auto-generated if not specified.","required":false,"type":"Key<Model>","default_value":null,"actual_value":{"__meta":{"schema_version":3,"schema_name":"ModelKeyV3","schema_type":"Key<Model>"},"name":"wine_qlty_gbm","type":"Key<Model>","URL":"/3/Models/wine_qlty_gbm"},"level":"critical","values":[],"is_member_of_frames":[],"is_mutually_exclusive_with":[],"gridable":false},{"__meta":{"schema_version":3,"schema_name":"ModelParameterSchemaV3","schema_type":"Iced"},"name":"training_frame","label":"training_frame","help":"Id of the training data frame.","required":false,"type":"Key<Frame>","default_value":null,"actual_value":{"__meta":{"schema_version":3,"schema_name":"FrameKeyV3","schema_type":"Key<Frame>"},"name":"py_2_sid_ba6c","type":"Key<Frame>","URL":"/3/Frames/py_2_sid_ba6c"},"level":"critical","values":[],"is_member_of_frames":[],"is_mutually_exclusive_with":[],"gridable":false},{"__meta":{"schema_version":3,"schema_name":"ModelParameterSchemaV3","schema_type":"Iced"},"name":"validation_frame","label":"validation_frame","help":"Id of the validation data frame.","required":false,"type":"Key<Frame>","default_value":null,"actual_value":{"__meta":{"schema_version":3,"schema_name":"FrameKeyV3","schema_type":"Key<Frame>"},"name":"py_6_sid_ba6c","type":"Key<Frame>","URL":"/3/Frames/py_6_sid_ba6c"},"level":"critical","values":[],"is_member_of_frames":[],"is_mutually_exclusive_with":[],"gridable":true},{"__meta":{"schema_version":3,"schema_name":"ModelParameterSchemaV3","schema_type":"Iced"},"name":"nfolds","label":"nfolds","help":"Number of folds for K-fold cross-validation (0 to disable or >= 2).","required":false,"type":"int","default_value":0,"actual_value":0,"level":"critical","values":[],"is_member_of_frames":[],"is_mutually_exclusive_with":[],"gridable":false},{"__meta":{"schema_version":3,"schema_name":"ModelParameterSchemaV3","schema_type":"Iced"},"name":"keep_cross_validation_models","label":"keep_cross_validation_models","help":"Whether to keep the cross-validation models.","required":false,"type":"boolean","default_value":true,"actual_value":true,"level":"expert","values":[],"is_member_of_frames":[],"is_mutually_exclusive_with":[],"gridable":false},{"__meta":{"schema_version":3,"schema_name":"ModelParameterSchemaV3","schema_type":"Iced"},"name":"keep_cross_validation_predictions","label":"keep_cross_validation_predictions","help":"Whether to keep the predictions of the cross-validation models.","required":false,"type":"boolean","default_value":false,"actual_value":false,"level":"expert","values":[],"is_member_of_frames":[],"is_mutually_exclusive_with":[],"gridable":false},{"__meta":{"schema_version":3,"schema_name":"ModelParameterSchemaV3","schema_type":"Iced"},"name":"keep_cross_validation_fold_assignment","label":"keep_cross_validation_fold_assignment","help":"Whether to keep the cross-validation fold assignment.","required":false,"type":"boolean","default_value":false,"actual_value":false,"level":"expert","values":[],"is_member_of_frames":[],"is_mutually_exclusive_with":[],"gridable":false},{"__meta":{"schema_version":3,"schema_name":"ModelParameterSchemaV3","schema_type":"Iced"},"name":"score_each_iteration","label":"score_each_iteration","help":"Whether to score during each iteration of model training.","required":false,"type":"boolean","default_value":false,"actual_value":false,"level":"secondary","values":[],"is_member_of_frames":[],"is_mutually_exclusive_with":[],"gridable":false},{"__meta":{"schema_version":3,"schema_name":"ModelParameterSchemaV3","schema_type":"Iced"},"name":"score_tree_interval","label":"score_tree_interval","help":"Score the model after every so many trees. Disabled if set to 0.","required":false,"type":"int","default_value":0,"actual_value":0,"level":"secondary","values":[],"is_member_of_frames":[],"is_mutually_exclusive_with":[],"gridable":false},{"__meta":{"schema_version":3,"schema_name":"ModelParameterSchemaV3","schema_type":"Iced"},"name":"fold_assignment","label":"fold_assignment","help":"Cross-validation fold assignment scheme, if fold_column is not specified. The 'Stratified' option will stratify the folds based on the response variable, for classification problems.","required":false,"type":"enum","default_value":"AUTO","actual_value":"AUTO","level":"secondary","values":["AUTO","Random","Modulo","Stratified"],"is_member_of_frames":[],"is_mutually_exclusive_with":[],"gridable":true},{"__meta":{"schema_version":3,"schema_name":"ModelParameterSchemaV3","schema_type":"Iced"},"name":"fold_column","label":"fold_column","help":"Column with cross-validation fold index assignment per observation.","required":false,"type":"VecSpecifier","default_value":null,"actual_value":null,"level":"secondary","values":[],"is_member_of_frames":["training_frame"],"is_mutually_exclusive_with":["response_column","weights_column","ignored_columns","offset_column"],"gridable":true},{"__meta":{"schema_version":3,"schema_name":"ModelParameterSchemaV3","schema_type":"Iced"},"name":"response_column","label":"response_column","help":"Response variable column.","required":false,"type":"VecSpecifier","default_value":null,"actual_value":{"__meta":{"schema_version":3,"schema_name":"ColSpecifierV3","schema_type":"VecSpecifier"},"column_name":"quality","is_member_of_frames":null},"level":"critical","values":[],"is_member_of_frames":["training_frame","validation_frame"],"is_mutually_exclusive_with":["weights_column","ignored_columns","offset_column","fold_column"],"gridable":true},{"__meta":{"schema_version":3,"schema_name":"ModelParameterSchemaV3","schema_type":"Iced"},"name":"ignored_columns","label":"ignored_columns","help":"Names of columns to ignore for training.","required":false,"type":"string[]","default_value":null,"actual_value":null,"level":"critical","values":[],"is_member_of_frames":["training_frame","validation_frame"],"is_mutually_exclusive_with":["response_column","weights_column","offset_column","fold_column"],"gridable":false},{"__meta":{"schema_version":3,"schema_name":"ModelParameterSchemaV3","schema_type":"Iced"},"name":"ignore_const_cols","label":"ignore_const_cols","help":"Ignore constant columns.","required":false,"type":"boolean","default_value":true,"actual_value":true,"level":"critical","values":[],"is_member_of_frames":[],"is_mutually_exclusive_with":[],"gridable":false},{"__meta":{"schema_version":3,"schema_name":"ModelParameterSchemaV3","schema_type":"Iced"},"name":"offset_column","label":"offset_column","help":"Offset column. This will be added to the combination of columns before applying the link function.","required":false,"type":"VecSpecifier","default_value":null,"actual_value":null,"level":"secondary","values":[],"is_member_of_frames":["training_frame","validation_frame"],"is_mutually_exclusive_with":["response_column","weights_column","ignored_columns","fold_column"],"gridable":true},{"__meta":{"schema_version":3,"schema_name":"ModelParameterSchemaV3","schema_type":"Iced"},"name":"weights_column","label":"weights_column","help":"Column with observation weights. Giving some observation a weight of zero is equivalent to excluding it from the dataset; giving an observation a relative weight of 2 is equivalent to repeating that row twice. Negative weights are not allowed. Note: Weights are per-row observation weights and do not increase the size of the data frame. This is typically the number of times a row is repeated, but non-integer values are supported as well. During training, rows with higher weights matter more, due to the larger loss function pre-factor.","required":false,"type":"VecSpecifier","default_value":null,"actual_value":null,"level":"secondary","values":[],"is_member_of_frames":["training_frame","validation_frame"],"is_mutually_exclusive_with":["response_column","ignored_columns","offset_column","fold_column"],"gridable":true},{"__meta":{"schema_version":3,"schema_name":"ModelParameterSchemaV3","schema_type":"Iced"},"name":"balance_classes","label":"balance_classes","help":"Balance training data class counts via over/under-sampling (for imbalanced data).","required":false,"type":"boolean","default_value":false,"actual_value":false,"level":"secondary","values":[],"is_member_of_frames":[],"is_mutually_exclusive_with":[],"gridable":true},{"__meta":{"schema_version":3,"schema_name":"ModelParameterSchemaV3","schema_type":"Iced"},"name":"class_sampling_factors","label":"class_sampling_factors","help":"Desired over/under-sampling ratios per class (in lexicographic order). If not specified, sampling factors will be automatically computed to obtain class balance during training. Requires balance_classes.","required":false,"type":"float[]","default_value":null,"actual_value":null,"level":"expert","values":[],"is_member_of_frames":[],"is_mutually_exclusive_with":[],"gridable":true},{"__meta":{"schema_version":3,"schema_name":"ModelParameterSchemaV3","schema_type":"Iced"},"name":"max_after_balance_size","label":"max_after_balance_size","help":"Maximum relative size of the training data after balancing class counts (can be less than 1.0). Requires balance_classes.","required":false,"type":"float","default_value":5.0,"actual_value":5.0,"level":"expert","values":[],"is_member_of_frames":[],"is_mutually_exclusive_with":[],"gridable":true},{"__meta":{"schema_version":3,"schema_name":"ModelParameterSchemaV3","schema_type":"Iced"},"name":"max_confusion_matrix_size","label":"max_confusion_matrix_size","help":"[Deprecated] Maximum size (# classes) for confusion matrices to be printed in the Logs","required":false,"type":"int","default_value":20,"actual_value":20,"level":"secondary","values":[],"is_member_of_frames":[],"is_mutually_exclusive_with":[],"gridable":false},{"__meta":{"schema_version":3,"schema_name":"ModelParameterSchemaV3","schema_type":"Iced"},"name":"max_hit_ratio_k","label":"max_hit_ratio_k","help":"Max. number (top K) of predictions to use for hit ratio computation (for multi-class only, 0 to disable)","required":false,"type":"int","default_value":0,"actual_value":0,"level":"secondary","values":[],"is_member_of_frames":[],"is_mutually_exclusive_with":[],"gridable":false},{"__meta":{"schema_version":3,"schema_name":"ModelParameterSchemaV3","schema_type":"Iced"},"name":"ntrees","label":"ntrees","help":"Number of trees.","required":false,"type":"int","default_value":50,"actual_value":1000,"level":"critical","values":[],"is_member_of_frames":[],"is_mutually_exclusive_with":[],"gridable":true},{"__meta":{"schema_version":3,"schema_name":"ModelParameterSchemaV3","schema_type":"Iced"},"name":"max_depth","label":"max_depth","help":"Maximum tree depth.","required":false,"type":"int","default_value":5,"actual_value":5,"level":"critical","values":[],"is_member_of_frames":[],"is_mutually_exclusive_with":[],"gridable":true},{"__meta":{"schema_version":3,"schema_name":"ModelParameterSchemaV3","schema_type":"Iced"},"name":"min_rows","label":"min_rows","help":"Fewest allowed (weighted) observations in a leaf.","required":false,"type":"double","default_value":10.0,"actual_value":5.0,"level":"critical","values":[],"is_member_of_frames":[],"is_mutually_exclusive_with":[],"gridable":true},{"__meta":{"schema_version":3,"schema_name":"ModelParameterSchemaV3","schema_type":"Iced"},"name":"nbins","label":"nbins","help":"For numerical columns (real/int), build a histogram of (at least) this many bins, then split at the best point","required":false,"type":"int","default_value":20,"actual_value":20,"level":"critical","values":[],"is_member_of_frames":[],"is_mutually_exclusive_with":[],"gridable":true},{"__meta":{"schema_version":3,"schema_name":"ModelParameterSchemaV3","schema_type":"Iced"},"name":"nbins_top_level","label":"nbins_top_level","help":"For numerical columns (real/int), build a histogram of (at most) this many bins at the root level, then decrease by factor of two per level","required":false,"type":"int","default_value":1024,"actual_value":1024,"level":"secondary","values":[],"is_member_of_frames":[],"is_mutually_exclusive_with":[],"gridable":true},{"__meta":{"schema_version":3,"schema_name":"ModelParameterSchemaV3","schema_type":"Iced"},"name":"nbins_cats","label":"nbins_cats","help":"For categorical columns (factors), build a histogram of this many bins, then split at the best point. Higher values can lead to more overfitting.","required":false,"type":"int","default_value":1024,"actual_value":1024,"level":"secondary","values":[],"is_member_of_frames":[],"is_mutually_exclusive_with":[],"gridable":true},{"__meta":{"schema_version":3,"schema_name":"ModelParameterSchemaV3","schema_type":"Iced"},"name":"r2_stopping","label":"r2_stopping","help":"r2_stopping is no longer supported and will be ignored if set - please use stopping_rounds, stopping_metric and stopping_tolerance instead. Previous version of H2O would stop making trees when the R^2 metric equals or exceeds this","required":false,"type":"double","default_value":1.7976931348623157E308,"actual_value":1.7976931348623157E308,"level":"secondary","values":[],"is_member_of_frames":[],"is_mutually_exclusive_with":[],"gridable":true},{"__meta":{"schema_version":3,"schema_name":"ModelParameterSchemaV3","schema_type":"Iced"},"name":"stopping_rounds","label":"stopping_rounds","help":"Early stopping based on convergence of stopping_metric. Stop if simple moving average of length k of the stopping_metric does not improve for k:=stopping_rounds scoring events (0 to disable)","required":false,"type":"int","default_value":0,"actual_value":0,"level":"secondary","values":[],"is_member_of_frames":[],"is_mutually_exclusive_with":[],"gridable":true},{"__meta":{"schema_version":3,"schema_name":"ModelParameterSchemaV3","schema_type":"Iced"},"name":"stopping_metric","label":"stopping_metric","help":"Metric to use for early stopping (AUTO: logloss for classification, deviance for regression)","required":false,"type":"enum","default_value":"AUTO","actual_value":"AUTO","level":"secondary","values":["AUTO","deviance","logloss","MSE","RMSE","MAE","RMSLE","AUC","lift_top_group","misclassification","mean_per_class_error"],"is_member_of_frames":[],"is_mutually_exclusive_with":[],"gridable":true},{"__meta":{"schema_version":3,"schema_name":"ModelParameterSchemaV3","schema_type":"Iced"},"name":"stopping_tolerance","label":"stopping_tolerance","help":"Relative tolerance for metric-based stopping criterion (stop if relative improvement is not at least this much)","required":false,"type":"double","default_value":0.001,"actual_value":0.001,"level":"secondary","values":[],"is_member_of_frames":[],"is_mutually_exclusive_with":[],"gridable":true},{"__meta":{"schema_version":3,"schema_name":"ModelParameterSchemaV3","schema_type":"Iced"},"name":"max_runtime_secs","label":"max_runtime_secs","help":"Maximum allowed runtime in seconds for model training. Use 0 to disable.","required":false,"type":"double","default_value":0.0,"actual_value":0.0,"level":"secondary","values":[],"is_member_of_frames":[],"is_mutually_exclusive_with":[],"gridable":true},{"__meta":{"schema_version":3,"schema_name":"ModelParameterSchemaV3","schema_type":"Iced"},"name":"seed","label":"seed","help":"Seed for pseudo random number generator (if applicable)","required":false,"type":"long","default_value":-1,"actual_value":1,"level":"critical","values":[],"is_member_of_frames":[],"is_mutually_exclusive_with":[],"gridable":true},{"__meta":{"schema_version":3,"schema_name":"ModelParameterSchemaV3","schema_type":"Iced"},"name":"build_tree_one_node","label":"build_tree_one_node","help":"Run on one node only; no network overhead but fewer cpus used.  Suitable for small datasets.","required":false,"type":"boolean","default_value":false,"actual_value":false,"level":"expert","values":[],"is_member_of_frames":[],"is_mutually_exclusive_with":[],"gridable":false},{"__meta":{"schema_version":3,"schema_name":"ModelParameterSchemaV3","schema_type":"Iced"},"name":"learn_rate","label":"learn_rate","help":"Learning rate (from 0.0 to 1.0)","required":false,"type":"double","default_value":0.1,"actual_value":0.01,"level":"critical","values":[],"is_member_of_frames":[],"is_mutually_exclusive_with":[],"gridable":true},{"__meta":{"schema_version":3,"schema_name":"ModelParameterSchemaV3","schema_type":"Iced"},"name":"learn_rate_annealing","label":"learn_rate_annealing","help":"Scale the learning rate by this factor after each tree (e.g., 0.99 or 0.999) ","required":false,"type":"double","default_value":1.0,"actual_value":1.0,"level":"secondary","values":[],"is_member_of_frames":[],"is_mutually_exclusive_with":[],"gridable":true},{"__meta":{"schema_version":3,"schema_name":"ModelParameterSchemaV3","schema_type":"Iced"},"name":"distribution","label":"distribution","help":"Distribution function","required":false,"type":"enum","default_value":"AUTO","actual_value":"multinomial","level":"secondary","values":["AUTO","bernoulli","quasibinomial","ordinal","multinomial","gaussian","poisson","gamma","tweedie","laplace","quantile","huber"],"is_member_of_frames":[],"is_mutually_exclusive_with":[],"gridable":true},{"__meta":{"schema_version":3,"schema_name":"ModelParameterSchemaV3","schema_type":"Iced"},"name":"quantile_alpha","label":"quantile_alpha","help":"Desired quantile for Quantile regression, must be between 0 and 1.","required":false,"type":"double","default_value":0.5,"actual_value":0.5,"level":"secondary","values":[],"is_member_of_frames":[],"is_mutually_exclusive_with":[],"gridable":true},{"__meta":{"schema_version":3,"schema_name":"ModelParameterSchemaV3","schema_type":"Iced"},"name":"tweedie_power","label":"tweedie_power","help":"Tweedie power for Tweedie regression, must be between 1 and 2.","required":false,"type":"double","default_value":1.5,"actual_value":1.5,"level":"secondary","values":[],"is_member_of_frames":[],"is_mutually_exclusive_with":[],"gridable":true},{"__meta":{"schema_version":3,"schema_name":"ModelParameterSchemaV3","schema_type":"Iced"},"name":"huber_alpha","label":"huber_alpha","help":"Desired quantile for Huber/M-regression (threshold between quadratic and linear loss, must be between 0 and 1).","required":false,"type":"double","default_value":0.9,"actual_value":0.9,"level":"secondary","values":[],"is_member_of_frames":[],"is_mutually_exclusive_with":[],"gridable":true},{"__meta":{"schema_version":3,"schema_name":"ModelParameterSchemaV3","schema_type":"Iced"},"name":"checkpoint","label":"checkpoint","help":"Model checkpoint to resume training with.","required":false,"type":"Key<Model>","default_value":null,"actual_value":null,"level":"secondary","values":[],"is_member_of_frames":[],"is_mutually_exclusive_with":[],"gridable":false},{"__meta":{"schema_version":3,"schema_name":"ModelParameterSchemaV3","schema_type":"Iced"},"name":"sample_rate","label":"sample_rate","help":"Row sample rate per tree (from 0.0 to 1.0)","required":false,"type":"double","default_value":1.0,"actual_value":0.7,"level":"critical","values":[],"is_member_of_frames":[],"is_mutually_exclusive_with":[],"gridable":true},{"__meta":{"schema_version":3,"schema_name":"ModelParameterSchemaV3","schema_type":"Iced"},"name":"sample_rate_per_class","label":"sample_rate_per_class","help":"A list of row sample rates per class (relative fraction for each class, from 0.0 to 1.0), for each tree","required":false,"type":"double[]","default_value":null,"actual_value":null,"level":"expert","values":[],"is_member_of_frames":[],"is_mutually_exclusive_with":[],"gridable":true},{"__meta":{"schema_version":3,"schema_name":"ModelParameterSchemaV3","schema_type":"Iced"},"name":"col_sample_rate","label":"col_sample_rate","help":"Column sample rate (from 0.0 to 1.0)","required":false,"type":"double","default_value":1.0,"actual_value":1.0,"level":"critical","values":[],"is_member_of_frames":[],"is_mutually_exclusive_with":[],"gridable":true},{"__meta":{"schema_version":3,"schema_name":"ModelParameterSchemaV3","schema_type":"Iced"},"name":"col_sample_rate_change_per_level","label":"col_sample_rate_change_per_level","help":"Relative change of the column sampling rate for every level (must be > 0.0 and <= 2.0)","required":false,"type":"double","default_value":1.0,"actual_value":1.0,"level":"expert","values":[],"is_member_of_frames":[],"is_mutually_exclusive_with":[],"gridable":true},{"__meta":{"schema_version":3,"schema_name":"ModelParameterSchemaV3","schema_type":"Iced"},"name":"col_sample_rate_per_tree","label":"col_sample_rate_per_tree","help":"Column sample rate per tree (from 0.0 to 1.0)","required":false,"type":"double","default_value":1.0,"actual_value":0.9,"level":"secondary","values":[],"is_member_of_frames":[],"is_mutually_exclusive_with":[],"gridable":true},{"__meta":{"schema_version":3,"schema_name":"ModelParameterSchemaV3","schema_type":"Iced"},"name":"min_split_improvement","label":"min_split_improvement","help":"Minimum relative improvement in squared error reduction for a split to happen","required":false,"type":"double","default_value":1.0E-5,"actual_value":1.0E-5,"level":"secondary","values":[],"is_member_of_frames":[],"is_mutually_exclusive_with":[],"gridable":true},{"__meta":{"schema_version":3,"schema_name":"ModelParameterSchemaV3","schema_type":"Iced"},"name":"histogram_type","label":"histogram_type","help":"What type of histogram to use for finding optimal split points","required":false,"type":"enum","default_value":"AUTO","actual_value":"AUTO","level":"secondary","values":["AUTO","UniformAdaptive","Random","QuantilesGlobal","RoundRobin"],"is_member_of_frames":[],"is_mutually_exclusive_with":[],"gridable":true},{"__meta":{"schema_version":3,"schema_name":"ModelParameterSchemaV3","schema_type":"Iced"},"name":"max_abs_leafnode_pred","label":"max_abs_leafnode_pred","help":"Maximum absolute value of a leaf node prediction","required":false,"type":"double","default_value":1.7976931348623157E308,"actual_value":1.7976931348623157E308,"level":"expert","values":[],"is_member_of_frames":[],"is_mutually_exclusive_with":[],"gridable":true},{"__meta":{"schema_version":3,"schema_name":"ModelParameterSchemaV3","schema_type":"Iced"},"name":"pred_noise_bandwidth","label":"pred_noise_bandwidth","help":"Bandwidth (sigma) of Gaussian multiplicative noise ~N(1,sigma) for tree node predictions","required":false,"type":"double","default_value":0.0,"actual_value":0.0,"level":"expert","values":[],"is_member_of_frames":[],"is_mutually_exclusive_with":[],"gridable":true},{"__meta":{"schema_version":3,"schema_name":"ModelParameterSchemaV3","schema_type":"Iced"},"name":"categorical_encoding","label":"categorical_encoding","help":"Encoding scheme for categorical features","required":false,"type":"enum","default_value":"AUTO","actual_value":"AUTO","level":"secondary","values":["AUTO","Enum","OneHotInternal","OneHotExplicit","Binary","Eigen","LabelEncoder","SortByResponse","EnumLimited"],"is_member_of_frames":[],"is_mutually_exclusive_with":[],"gridable":true},{"__meta":{"schema_version":3,"schema_name":"ModelParameterSchemaV3","schema_type":"Iced"},"name":"calibrate_model","label":"calibrate_model","help":"Use Platt Scaling to calculate calibrated class probabilities. Calibration can provide more accurate estimates of class probabilities.","required":false,"type":"boolean","default_value":false,"actual_value":false,"level":"expert","values":[],"is_member_of_frames":[],"is_mutually_exclusive_with":[],"gridable":false},{"__meta":{"schema_version":3,"schema_name":"ModelParameterSchemaV3","schema_type":"Iced"},"name":"calibration_frame","label":"calibration_frame","help":"Calibration frame for Platt Scaling","required":false,"type":"Key<Frame>","default_value":null,"actual_value":null,"level":"expert","values":[],"is_member_of_frames":[],"is_mutually_exclusive_with":[],"gridable":false},{"__meta":{"schema_version":3,"schema_name":"ModelParameterSchemaV3","schema_type":"Iced"},"name":"custom_metric_func","label":"custom_metric_func","help":"Reference to custom evaluation function, format: `language:keyName=funcName`","required":false,"type":"string","default_value":null,"actual_value":null,"level":"secondary","values":[],"is_member_of_frames":[],"is_mutually_exclusive_with":[],"gridable":false},{"__meta":{"schema_version":3,"schema_name":"ModelParameterSchemaV3","schema_type":"Iced"},"name":"monotone_constraints","label":"monotone_constraints","help":"A mapping representing monotonic constraints. Use +1 to enforce an increasing constraint and -1 to specify a decreasing constraint.","required":false,"type":"KeyValue[]","default_value":null,"actual_value":null,"level":"secondary","values":[],"is_member_of_frames":[],"is_mutually_exclusive_with":[],"gridable":false}],"output":{"__meta":{"schema_version":3,"schema_name":"GBMModelOutputV3","schema_type":"GBMOutput"},"names":["fixed acidity","volatile acidity","citric acid","residual sugar","chlorides","free sulfur dioxide","total sulfur dioxide","density","pH","sulphates","alcohol","quality"],"domains":[null,null,null,null,null,null,null,null,null,null,null,["3","4","5","6","7","8"]],"cross_validation_models":null,"cross_validation_predictions":null,"cross_validation_holdout_predictions_frame_id":null,"cross_validation_fold_assignment_frame_id":null,"model_category":"Multinomial","model_summary":{"__meta":{"schema_version":3,"schema_name":"TwoDimTableV3","schema_type":"TwoDimTable"},"name":"Model Summary","description":"","columns":[{"__meta":{"schema_version":-1,"schema_name":"ColumnSpecsBase","schema_type":"Iced"},"name":"","type":"string","format":"%s","description":""},{"__meta":{"schema_version":-1,"schema_name":"ColumnSpecsBase","schema_type":"Iced"},"name":"number_of_trees","type":"long","format":"%d","description":"Number of Trees"},{"__meta":{"schema_version":-1,"schema_name":"ColumnSpecsBase","schema_type":"Iced"},"name":"number_of_internal_trees","type":"long","format":"%d","description":"Number of Internal Trees"},{"__meta":{"schema_version":-1,"schema_name":"ColumnSpecsBase","schema_type":"Iced"},"name":"model_size_in_bytes","type":"long","format":"%d","description":"Model Size in Bytes"},{"__meta":{"schema_version":-1,"schema_name":"ColumnSpecsBase","schema_type":"Iced"},"name":"min_depth","type":"long","format":"%d","description":"Min. Depth"},{"__meta":{"schema_version":-1,"schema_name":"ColumnSpecsBase","schema_type":"Iced"},"name":"max_depth","type":"long","format":"%d","description":"Max. Depth"},{"__meta":{"schema_version":-1,"schema_name":"ColumnSpecsBase","schema_type":"Iced"},"name":"mean_depth","type":"double","format":"%.5f","description":"Mean Depth"},{"__meta":{"schema_version":-1,"schema_name":"ColumnSpecsBase","schema_type":"Iced"},"name":"min_leaves","type":"long","format":"%d","description":"Min. Leaves"},{"__meta":{"schema_version":-1,"schema_name":"ColumnSpecsBase","schema_type":"Iced"},"name":"max_leaves","type":"long","format":"%d","description":"Max. Leaves"},{"__meta":{"schema_version":-1,"schema_name":"ColumnSpecsBase","schema_type":"Iced"},"name":"mean_leaves","type":"double","format":"%.5f","description":"Mean Leaves"}],"rowcount":1,"data":[[""],[1000],[6000],[1777358],[5],[5],[5.0],[6],[32],[18.844]]},"scoring_history":{"__meta":{"schema_version":3,"schema_name":"TwoDimTableV3","schema_type":"TwoDimTable"},"name":"Scoring History","description":"","columns":[{"__meta":{"schema_version":-1,"schema_name":"ColumnSpecsBase","schema_type":"Iced"},"name":"","type":"string","format":"%s","description":""},{"__meta":{"schema_version":-1,"schema_name":"ColumnSpecsBase","schema_type":"Iced"},"name":"timestamp","type":"string","format":"%s","description":"Timestamp"},{"__meta":{"schema_version":-1,"schema_name":"ColumnSpecsBase","schema_type":"Iced"},"name":"duration","type":"string","format":"%s","description":"Duration"},{"__meta":{"schema_version":-1,"schema_name":"ColumnSpecsBase","schema_type":"Iced"},"name":"number_of_trees","type":"long","format":"%d","description":"Number of Trees"},{"__meta":{"schema_version":-1,"schema_name":"ColumnSpecsBase","schema_type":"Iced"},"name":"training_rmse","type":"double","format":"%.5f","description":"Training RMSE"},{"__meta":{"schema_version":-1,"schema_name":"ColumnSpecsBase","schema_type":"Iced"},"name":"training_logloss","type":"double","format":"%.5f","description":"Training LogLoss"},{"__meta":{"schema_version":-1,"schema_name":"ColumnSpecsBase","schema_type":"Iced"},"name":"training_classification_error","type":"double","format":"%.5f","description":"Training Classification Error"},{"__meta":{"schema_version":-1,"schema_name":"ColumnSpecsBase","schema_type":"Iced"},"name":"validation_rmse","type":"double","format":"%.5f","description":"Validation RMSE"},{"__meta":{"schema_version":-1,"schema_name":"ColumnSpecsBase","schema_type":"Iced"},"name":"validation_logloss","type":"double","format":"%.5f","description":"Validation LogLoss"},{"__meta":{"schema_version":-1,"schema_name":"ColumnSpecsBase","schema_type":"Iced"},"name":"validation_classification_error","type":"double","format":"%.5f","description":"Validation Classification Error"}],"rowcount":300,"data":[["","","","","","","","","","","","","","","","","","","","","","","","","","","","","","","","","","","","","","","","","","","","","","","","","","","","","","","","","","","","","","","","","","","","","","","","","","","","","","","","","","","","","","","","","","","","","","","","","","","","","","","","","","","","","","","","","","","","","","","","","","","","","","","","","","","","","","","","","","","","","","","","","","","","","","","","","","","","","","","","","","","","","","","","","","","","","","","","","","","","","","","","","","","","","","","","","","","","","","","","","","","","","","","","","","","","","","","","","","","","","","","","","","","","","","","","","","","","","","","","","","","","","","","","","","","","","","","","","","","","","","","","","","","","","","","","","","","","","","","","","","","","","","","","","","","","","","","","","","","",""],["2018-12-27 15:53:16","2018-12-27 15:53:16","2018-12-27 15:53:16","2018-12-27 15:53:16","2018-12-27 15:53:16","2018-12-27 15:53:17","2018-12-27 15:53:17","2018-12-27 15:53:17","2018-12-27 15:53:17","2018-12-27 15:53:17","2018-12-27 15:53:17","2018-12-27 15:53:17","2018-12-27 15:53:17","2018-12-27 15:53:17","2018-12-27 15:53:17","2018-12-27 15:53:17","2018-12-27 15:53:17","2018-12-27 15:53:17","2018-12-27 15:53:17","2018-12-27 15:53:17","2018-12-27 15:53:17","2018-12-27 15:53:17","2018-12-27 15:53:17","2018-12-27 15:53:17","2018-12-27 15:53:17","2018-12-27 15:53:17","2018-12-27 15:53:17","2018-12-27 15:53:17","2018-12-27 15:53:17","2018-12-27 15:53:17","2018-12-27 15:53:17","2018-12-27 15:53:17","2018-12-27 15:53:17","2018-12-27 15:53:17","2018-12-27 15:53:17","2018-12-27 15:53:17","2018-12-27 15:53:17","2018-12-27 15:53:17","2018-12-27 15:53:17","2018-12-27 15:53:17","2018-12-27 15:53:17","2018-12-27 15:53:17","2018-12-27 15:53:17","2018-12-27 15:53:17","2018-12-27 15:53:17","2018-12-27 15:53:17","2018-12-27 15:53:17","2018-12-27 15:53:17","2018-12-27 15:53:17","2018-12-27 15:53:17","2018-12-27 15:53:17","2018-12-27 15:53:17","2018-12-27 15:53:17","2018-12-27 15:53:17","2018-12-27 15:53:17","2018-12-27 15:53:17","2018-12-27 15:53:17","2018-12-27 15:53:17","2018-12-27 15:53:17","2018-12-27 15:53:17","2018-12-27 15:53:17","2018-12-27 15:53:17","2018-12-27 15:53:17","2018-12-27 15:53:17","2018-12-27 15:53:17","2018-12-27 15:53:18","2018-12-27 15:53:18","2018-12-27 15:53:18","2018-12-27 15:53:18","2018-12-27 15:53:18","2018-12-27 15:53:18","2018-12-27 15:53:18","2018-12-27 15:53:18","2018-12-27 15:53:18","2018-12-27 15:53:18","2018-12-27 15:53:18","2018-12-27 15:53:18","2018-12-27 15:53:18","2018-12-27 15:53:18","2018-12-27 15:53:18","2018-12-27 15:53:18","2018-12-27 15:53:18","2018-12-27 15:53:18","2018-12-27 15:53:18","2018-12-27 15:53:18","2018-12-27 15:53:18","2018-12-27 15:53:18","2018-12-27 15:53:18","2018-12-27 15:53:18","2018-12-27 15:53:18","2018-12-27 15:53:18","2018-12-27 15:53:18","2018-12-27 15:53:18","2018-12-27 15:53:18","2018-12-27 15:53:18","2018-12-27 15:53:18","2018-12-27 15:53:18","2018-12-27 15:53:18","2018-12-27 15:53:18","2018-12-27 15:53:18","2018-12-27 15:53:18","2018-12-27 15:53:18","2018-12-27 15:53:18","2018-12-27 15:53:18","2018-12-27 15:53:18","2018-12-27 15:53:18","2018-12-27 15:53:18","2018-12-27 15:53:18","2018-12-27 15:53:18","2018-12-27 15:53:18","2018-12-27 15:53:18","2018-12-27 15:53:18","2018-12-27 15:53:18","2018-12-27 15:53:18","2018-12-27 15:53:18","2018-12-27 15:53:18","2018-12-27 15:53:18","2018-12-27 15:53:18","2018-12-27 15:53:18","2018-12-27 15:53:18","2018-12-27 15:53:18","2018-12-27 15:53:18","2018-12-27 15:53:18","2018-12-27 15:53:18","2018-12-27 15:53:18","2018-12-27 15:53:18","2018-12-27 15:53:18","2018-12-27 15:53:18","2018-12-27 15:53:18","2018-12-27 15:53:18","2018-12-27 15:53:18","2018-12-27 15:53:18","2018-12-27 15:53:18","2018-12-27 15:53:18","2018-12-27 15:53:18","2018-12-27 15:53:18","2018-12-27 15:53:18","2018-12-27 15:53:18","2018-12-27 15:53:18","2018-12-27 15:53:18","2018-12-27 15:53:18","2018-12-27 15:53:18","2018-12-27 15:53:18","2018-12-27 15:53:18","2018-12-27 15:53:18","2018-12-27 15:53:18","2018-12-27 15:53:18","2018-12-27 15:53:18","2018-12-27 15:53:18","2018-12-27 15:53:18","2018-12-27 15:53:18","2018-12-27 15:53:18","2018-12-27 15:53:18","2018-12-27 15:53:18","2018-12-27 15:53:18","2018-12-27 15:53:19","2018-12-27 15:53:19","2018-12-27 15:53:19","2018-12-27 15:53:19","2018-12-27 15:53:19","2018-12-27 15:53:19","2018-12-27 15:53:19","2018-12-27 15:53:19","2018-12-27 15:53:19","2018-12-27 15:53:19","2018-12-27 15:53:19","2018-12-27 15:53:19","2018-12-27 15:53:19","2018-12-27 15:53:19","2018-12-27 15:53:19","2018-12-27 15:53:19","2018-12-27 15:53:19","2018-12-27 15:53:19","2018-12-27 15:53:19","2018-12-27 15:53:19","2018-12-27 15:53:19","2018-12-27 15:53:19","2018-12-27 15:53:19","2018-12-27 15:53:19","2018-12-27 15:53:19","2018-12-27 15:53:19","2018-12-27 15:53:19","2018-12-27 15:53:19","2018-12-27 15:53:19","2018-12-27 15:53:19","2018-12-27 15:53:19","2018-12-27 15:53:19","2018-12-27 15:53:19","2018-12-27 15:53:19","2018-12-27 15:53:19","2018-12-27 15:53:19","2018-12-27 15:53:19","2018-12-27 15:53:19","2018-12-27 15:53:19","2018-12-27 15:53:19","2018-12-27 15:53:19","2018-12-27 15:53:19","2018-12-27 15:53:19","2018-12-27 15:53:19","2018-12-27 15:53:19","2018-12-27 15:53:19","2018-12-27 15:53:19","2018-12-27 15:53:19","2018-12-27 15:53:19","2018-12-27 15:53:19","2018-12-27 15:53:19","2018-12-27 15:53:19","2018-12-27 15:53:19","2018-12-27 15:53:19","2018-12-27 15:53:19","2018-12-27 15:53:19","2018-12-27 15:53:19","2018-12-27 15:53:19","2018-12-27 15:53:19","2018-12-27 15:53:19","2018-12-27 15:53:19","2018-12-27 15:53:19","2018-12-27 15:53:19","2018-12-27 15:53:19","2018-12-27 15:53:19","2018-12-27 15:53:19","2018-12-27 15:53:19","2018-12-27 15:53:19","2018-12-27 15:53:19","2018-12-27 15:53:19","2018-12-27 15:53:19","2018-12-27 15:53:19","2018-12-27 15:53:19","2018-12-27 15:53:19","2018-12-27 15:53:19","2018-12-27 15:53:19","2018-12-27 15:53:19","2018-12-27 15:53:19","2018-12-27 15:53:19","2018-12-27 15:53:19","2018-12-27 15:53:19","2018-12-27 15:53:19","2018-12-27 15:53:19","2018-12-27 15:53:19","2018-12-27 15:53:19","2018-12-27 15:53:19","2018-12-27 15:53:19","2018-12-27 15:53:19","2018-12-27 15:53:19","2018-12-27 15:53:19","2018-12-27 15:53:19","2018-12-27 15:53:20","2018-12-27 15:53:20","2018-12-27 15:53:20","2018-12-27 15:53:20","2018-12-27 15:53:20","2018-12-27 15:53:20","2018-12-27 15:53:20","2018-12-27 15:53:20","2018-12-27 15:53:20","2018-12-27 15:53:20","2018-12-27 15:53:20","2018-12-27 15:53:20","2018-12-27 15:53:20","2018-12-27 15:53:20","2018-12-27 15:53:20","2018-12-27 15:53:20","2018-12-27 15:53:20","2018-12-27 15:53:20","2018-12-27 15:53:20","2018-12-27 15:53:20","2018-12-27 15:53:20","2018-12-27 15:53:20","2018-12-27 15:53:20","2018-12-27 15:53:20","2018-12-27 15:53:20","2018-12-27 15:53:20","2018-12-27 15:53:20","2018-12-27 15:53:20","2018-12-27 15:53:20","2018-12-27 15:53:20","2018-12-27 15:53:20","2018-12-27 15:53:20","2018-12-27 15:53:20","2018-12-27 15:53:20","2018-12-27 15:53:20","2018-12-27 15:53:20","2018-12-27 15:53:20","2018-12-27 15:53:20","2018-12-27 15:53:20","2018-12-27 15:53:20","2018-12-27 15:53:20","2018-12-27 15:53:20","2018-12-27 15:53:20","2018-12-27 15:53:20","2018-12-27 15:53:20","2018-12-27 15:53:20","2018-12-27 15:53:20","2018-12-27 15:53:20","2018-12-27 15:53:20","2018-12-27 15:53:20","2018-12-27 15:53:20","2018-12-27 15:53:20","2018-12-27 15:53:20","2018-12-27 15:53:24"],[" 0.028 sec"," 0.197 sec"," 0.273 sec"," 0.325 sec"," 0.376 sec"," 0.432 sec"," 0.469 sec"," 0.514 sec"," 0.546 sec"," 0.580 sec"," 0.613 sec"," 0.635 sec"," 0.666 sec"," 0.687 sec"," 0.706 sec"," 0.722 sec"," 0.740 sec"," 0.764 sec"," 0.781 sec"," 0.797 sec"," 0.813 sec"," 0.829 sec"," 0.844 sec"," 0.861 sec"," 0.884 sec"," 0.902 sec"," 0.920 sec"," 0.935 sec"," 0.947 sec"," 0.959 sec"," 0.971 sec"," 0.982 sec"," 0.994 sec"," 1.006 sec"," 1.018 sec"," 1.030 sec"," 1.044 sec"," 1.056 sec"," 1.068 sec"," 1.080 sec"," 1.091 sec"," 1.103 sec"," 1.114 sec"," 1.124 sec"," 1.135 sec"," 1.146 sec"," 1.163 sec"," 1.181 sec"," 1.198 sec"," 1.216 sec"," 1.233 sec"," 1.244 sec"," 1.254 sec"," 1.264 sec"," 1.275 sec"," 1.284 sec"," 1.296 sec"," 1.306 sec"," 1.316 sec"," 1.328 sec"," 1.338 sec"," 1.349 sec"," 1.360 sec"," 1.371 sec"," 1.383 sec"," 1.392 sec"," 1.402 sec"," 1.413 sec"," 1.424 sec"," 1.435 sec"," 1.445 sec"," 1.455 sec"," 1.465 sec"," 1.474 sec"," 1.485 sec"," 1.497 sec"," 1.508 sec"," 1.517 sec"," 1.528 sec"," 1.544 sec"," 1.562 sec"," 1.579 sec"," 1.596 sec"," 1.613 sec"," 1.631 sec"," 1.648 sec"," 1.659 sec"," 1.668 sec"," 1.679 sec"," 1.690 sec"," 1.700 sec"," 1.712 sec"," 1.721 sec"," 1.731 sec"," 1.742 sec"," 1.752 sec"," 1.762 sec"," 1.773 sec"," 1.782 sec"," 1.792 sec"," 1.804 sec"," 1.815 sec"," 1.827 sec"," 1.838 sec"," 1.848 sec"," 1.860 sec"," 1.875 sec"," 1.884 sec"," 1.894 sec"," 1.903 sec"," 1.914 sec"," 1.923 sec"," 1.933 sec"," 1.945 sec"," 1.956 sec"," 1.967 sec"," 1.978 sec"," 1.989 sec"," 1.999 sec"," 2.010 sec"," 2.021 sec"," 2.031 sec"," 2.040 sec"," 2.048 sec"," 2.058 sec"," 2.066 sec"," 2.076 sec"," 2.091 sec"," 2.107 sec"," 2.123 sec"," 2.141 sec"," 2.160 sec"," 2.178 sec"," 2.195 sec"," 2.210 sec"," 2.225 sec"," 2.241 sec"," 2.249 sec"," 2.258 sec"," 2.266 sec"," 2.274 sec"," 2.282 sec"," 2.289 sec"," 2.297 sec"," 2.305 sec"," 2.312 sec"," 2.320 sec"," 2.328 sec"," 2.337 sec"," 2.346 sec"," 2.354 sec"," 2.361 sec"," 2.369 sec"," 2.377 sec"," 2.385 sec"," 2.393 sec"," 2.402 sec"," 2.410 sec"," 2.418 sec"," 2.427 sec"," 2.435 sec"," 2.443 sec"," 2.451 sec"," 2.458 sec"," 2.466 sec"," 2.474 sec"," 2.486 sec"," 2.494 sec"," 2.501 sec"," 2.509 sec"," 2.517 sec"," 2.525 sec"," 2.533 sec"," 2.540 sec"," 2.548 sec"," 2.556 sec"," 2.564 sec"," 2.572 sec"," 2.580 sec"," 2.588 sec"," 2.596 sec"," 2.604 sec"," 2.612 sec"," 2.620 sec"," 2.628 sec"," 2.637 sec"," 2.645 sec"," 2.653 sec"," 2.661 sec"," 2.670 sec"," 2.681 sec"," 2.690 sec"," 2.699 sec"," 2.709 sec"," 2.718 sec"," 2.726 sec"," 2.737 sec"," 2.753 sec"," 2.769 sec"," 2.786 sec"," 2.803 sec"," 2.822 sec"," 2.839 sec"," 2.855 sec"," 2.873 sec"," 2.890 sec"," 2.908 sec"," 2.925 sec"," 2.941 sec"," 2.960 sec"," 2.971 sec"," 2.982 sec"," 2.991 sec"," 3.002 sec"," 3.013 sec"," 3.025 sec"," 3.037 sec"," 3.047 sec"," 3.057 sec"," 3.068 sec"," 3.078 sec"," 3.089 sec"," 3.099 sec"," 3.109 sec"," 3.120 sec"," 3.130 sec"," 3.139 sec"," 3.149 sec"," 3.159 sec"," 3.169 sec"," 3.179 sec"," 3.190 sec"," 3.210 sec"," 3.233 sec"," 3.257 sec"," 3.278 sec"," 3.299 sec"," 3.313 sec"," 3.323 sec"," 3.333 sec"," 3.342 sec"," 3.351 sec"," 3.361 sec"," 3.370 sec"," 3.380 sec"," 3.390 sec"," 3.399 sec"," 3.410 sec"," 3.421 sec"," 3.432 sec"," 3.442 sec"," 3.456 sec"," 3.466 sec"," 3.476 sec"," 3.487 sec"," 3.498 sec"," 3.511 sec"," 3.525 sec"," 3.538 sec"," 3.552 sec"," 3.564 sec"," 3.575 sec"," 3.585 sec"," 3.595 sec"," 3.605 sec"," 3.615 sec"," 3.624 sec"," 3.634 sec"," 3.643 sec"," 3.653 sec"," 3.662 sec"," 3.672 sec"," 3.681 sec"," 3.691 sec"," 3.701 sec"," 3.712 sec"," 3.723 sec"," 3.733 sec"," 3.743 sec"," 3.753 sec"," 3.763 sec"," 3.774 sec"," 3.785 sec"," 3.797 sec"," 3.810 sec"," 3.821 sec"," 3.833 sec"," 3.844 sec"," 3.855 sec"," 3.866 sec"," 3.878 sec"," 3.891 sec"," 3.913 sec"," 3.938 sec"," 3.960 sec"," 3.981 sec"," 4.002 sec"," 4.024 sec"," 4.046 sec"," 7.428 sec"],[0,1,2,3,4,5,6,7,8,9,10,11,12,13,14,15,16,17,18,19,20,21,22,23,24,25,26,27,28,29,30,31,32,33,34,35,36,37,38,39,40,41,42,43,44,45,46,47,48,49,50,51,52,53,54,55,56,57,58,59,60,61,62,63,64,65,66,67,68,69,70,71,72,73,74,75,76,77,78,79,80,81,82,83,84,85,86,87,88,89,90,91,92,93,94,95,96,97,98,99,100,101,102,103,104,105,106,107,108,109,110,111,112,113,114,115,116,117,118,119,120,121,122,123,124,125,126,127,128,129,130,131,132,133,134,135,136,137,138,139,140,141,142,143,144,145,146,147,148,149,150,151,152,153,154,155,156,157,158,159,160,161,162,163,164,165,166,167,168,169,170,171,172,173,174,175,176,177,178,179,180,181,182,183,184,185,186,187,188,189,190,191,192,193,194,195,196,197,198,199,200,201,202,203,204,205,206,207,208,209,210,211,212,213,214,215,216,217,218,219,220,221,222,223,224,225,226,227,228,229,230,231,232,233,234,235,236,237,238,239,240,241,242,243,244,245,246,247,248,249,250,251,252,253,254,255,256,257,258,259,260,261,262,263,264,265,266,267,268,269,270,271,272,273,274,275,276,277,278,279,280,281,282,283,284,285,286,287,288,289,290,291,292,293,294,295,296,297,298,1000],[0.8333333333333389,0.8295517563528056,0.8257678538277909,0.8221838609476683,0.818489004835179,0.814697167824579,0.8109466179385671,0.8071520538046355,0.8035649221007974,0.7999484501422384,0.7962932589084792,0.7927803018219586,0.7894116105939698,0.7857622491737853,0.7823848781251365,0.7790703160491315,0.7756180698307527,0.7721504115505512,0.7685866000374335,0.7654102174862393,0.761856307189055,0.7584821372539393,0.7551274848327671,0.7518634588368361,0.7484862785059812,0.7452687764071927,0.7420051129591205,0.7388788353783482,0.73572152210353,0.7324955259454395,0.7294364331925678,0.7262577713795612,0.7231518710380709,0.7200706426949405,0.7169394263927722,0.71386331413202,0.7108009448792822,0.7077374796172359,0.7046996358965464,0.701701064757639,0.6986871362517424,0.6958699211395599,0.693013292752415,0.6902928645185956,0.6874538029815579,0.6847096740405088,0.6818657653936449,0.679157353194029,0.6763565754384304,0.673578161000134,0.6709697093422164,0.6681609298076057,0.6653762878281847,0.6627235625311266,0.6601104727621773,0.6575561065736042,0.6550609024086494,0.6524532882366075,0.6499508778809094,0.6474625255929467,0.6450502109393855,0.6428680211796592,0.6406386702002321,0.6384251421606717,0.6360569531472325,0.6336372123827054,0.6313181456494017,0.628954701539381,0.6267494836720432,0.6245494117640071,0.622438255988124,0.6202555378304908,0.6180840918304438,0.6159088201238063,0.6137326845026321,0.611699705223443,0.6097313143408775,0.6076597289356499,0.6055868727042295,0.6034735995420007,0.6013387725413205,0.5992897875660808,0.5972365431283134,0.5952258726090714,0.5932531679768152,0.59123982453384,0.5893362844234602,0.5874411010390952,0.5854923024689741,0.5836012937504953,0.581703451029238,0.5797822947942294,0.5779692235408024,0.5761465782708057,0.5744638005805643,0.5726235368358442,0.5708326389317031,0.5690849167987146,0.5673377814799994,0.5655380753471518,0.5638488717710575,0.5622131967644136,0.5605703582750626,0.5589683354022029,0.5572834430937023,0.5555705849742679,0.5540019575870899,0.5524099481481551,0.5509775186288149,0.5494031912770212,0.5478641490633973,0.5463818728709215,0.544837168176425,0.5432415698038974,0.5416433719050863,0.5400994931841325,0.5384348060277523,0.536974461982713,0.5355549114526261,0.5340600150743393,0.5327182872470967,0.531297387625147,0.5297894979332849,0.5283058434970429,0.526932979250014,0.5254386439930594,0.5239656576283327,0.5226473630734821,0.521260427851391,0.5200983620000293,0.5189080452638453,0.5176342191866039,0.5163158645463835,0.5150573503581102,0.5138775927309025,0.512725336068057,0.5115121108089368,0.5103053681010152,0.5091040063464969,0.50779893327253,0.5066576856661131,0.5055336199959196,0.504394618313417,0.5032136012294124,0.5019766588623984,0.5008839447661204,0.49961148618229495,0.49844710740848147,0.49740008688747966,0.49605709432706563,0.494884481331824,0.49356768849638005,0.492398919524163,0.4911484175930107,0.490109252761997,0.4890790613076624,0.488018271366783,0.4868551995157525,0.48576221947296205,0.4846997540063103,0.48363773422928685,0.4826568764232156,0.4817140275824371,0.4806663163470479,0.4796446850289269,0.47876241653393586,0.477746657882806,0.476847607514441,0.4759480077455596,0.47503300080693894,0.4740632644724998,0.4730742497427732,0.4721503171294477,0.47108122669909064,0.47012017441618575,0.46919566841059723,0.4682990638505527,0.4673922522812675,0.46645435276604996,0.4655072859803499,0.4645489333029346,0.46384579202980736,0.4628647260973121,0.4620551366611275,0.4612195600297738,0.46048980424171115,0.45966500475107014,0.45888734950701954,0.458022600203979,0.4571497998232639,0.4562226390583605,0.4554459173739003,0.4546311356998397,0.4538509450957219,0.453068977234336,0.4522174603156902,0.45143666807542315,0.4504908986419507,0.44982742242008966,0.4489667955015187,0.44824186991071,0.44747782716049267,0.4466752768742384,0.4457534150843335,0.4451019365458242,0.44433330971455964,0.4436918551532155,0.4429738198669277,0.4422014461655144,0.4414283975305859,0.44068156413751686,0.43996361369317605,0.4391390308633316,0.4384169604246046,0.4376373153330066,0.43682710326904,0.43606617673952225,0.4354120473867916,0.4346755585189129,0.43392727729901126,0.4332830294634817,0.432594959033709,0.4319479891971085,0.4311721704449161,0.43056143607780467,0.42984252561436925,0.4290436018981975,0.4283976814764683,0.42781986161593943,0.4271137871130763,0.4264409437170596,0.4258085276570325,0.4251622202161026,0.42448489956963714,0.42386651064347874,0.42312271025426496,0.4224395959711888,0.4217544681272101,0.4212547629527203,0.42054677253677913,0.41983118529826213,0.4191767442381996,0.4184394284595354,0.41775712837461115,0.4171964381366342,0.41654233196076024,0.4159106267099989,0.41533552366786597,0.4145881241507411,0.41388298620923347,0.4132080573347038,0.41264510932003956,0.4119886400579421,0.41139051914047287,0.4107137634462504,0.41012758204589633,0.40950704168220314,0.40886477315142006,0.40828583037879135,0.4076685750329763,0.40700275733836205,0.40644831895487005,0.405760067034047,0.405088854076276,0.40444253565898675,0.4037519694459649,0.40320255363304336,0.40265362080520134,0.4019578171974675,0.4012982888316101,0.40065332490628897,0.3999531397728955,0.3993932448471592,0.39858606232789445,0.3978991000932361,0.3973477050807327,0.3967141306022159,0.39607123419611556,0.39536230653205623,0.3947018017610307,0.3941541031307464,0.39344600091565485,0.39284484012295506,0.39228269842296803,0.3916169338186948,0.3909707629008675,0.39041945844468806,0.38976758448713567,0.38919131960746933,0.3886506049008036,0.3880251413194561,0.3873829020525776,0.3869501279034642,0.38624461010800276,0.3856256506978524,0.385052780279256,0.3846202928733224,0.3839212887975032,0.383184134201526,0.16015534559160316],[1.7917594692280547,1.7693983037141805,1.7475991324582043,1.7274324613110037,1.7071526855851484,1.6868445348545655,1.6671954707772454,1.647731162326743,1.629754335469211,1.6120075737264714,1.5943937376013755,1.577775149164404,1.5621701661517726,1.5454936545034135,1.5303319348357212,1.515735285555076,1.5007453423379185,1.4859580472780332,1.470990716143529,1.4578584189497563,1.4433641309888459,1.4297725854129624,1.4165240922485516,1.4038262169414115,1.3908478221598959,1.3786386865491573,1.3663828787045758,1.3547726053882072,1.3432768927620908,1.331602350511517,1.3206353091826415,1.3093823775206408,1.2985715452336095,1.2879176269923385,1.2772043391569956,1.2667904564673633,1.2565574823555177,1.2464302937069252,1.2364913929767085,1.2268144835432844,1.217169246360734,1.2081942926962856,1.199151827416129,1.1905790350255046,1.1817018077017745,1.1732573322550357,1.1645853439544764,1.1562746999725886,1.1478413365534836,1.1394988488337168,1.131772861053364,1.12358587036107,1.1154862175343863,1.1077595392670374,1.1002459954840205,1.0929330421410448,1.0858439087813292,1.0784615120706096,1.0714135697259908,1.0644876448521077,1.0577557219369929,1.0517057158659093,1.045585602785067,1.0395289713447124,1.0330335593028848,1.026496393932523,1.0201881237522157,1.0138834477420686,1.0080204353358584,1.0021590098248574,0.9965716546466956,0.9908614137434398,0.9852613289430654,0.9795589012921964,0.9738812783331698,0.9685961314352635,0.9634976812773391,0.9581515004620542,0.9528305136064654,0.9474755979620483,0.9421428544940598,0.9369469191665891,0.9318164882169608,0.92684134991615,0.9218783876742049,0.9168527125712386,0.9120320782848063,0.9073966315404954,0.9024902367089803,0.8978905412591086,0.8932742069482458,0.8885894242750266,0.8841917134901907,0.8798322211945552,0.8757593843523219,0.8713061765253293,0.8670411295439252,0.8628195909509045,0.8586774011352035,0.8543149728042987,0.8502932845886805,0.8464522944438506,0.8425824938881686,0.8387764611481118,0.8347878255017791,0.8307092583461675,0.8270505027093185,0.823339520016991,0.8200184764680606,0.8163875925168534,0.8128020244073895,0.8093432222797633,0.8057289982522727,0.8020493559127114,0.798407121562468,0.7948220347574525,0.7910024762976423,0.7877131264384513,0.7844846411058128,0.7810430688184261,0.7780136038885561,0.7748272829760653,0.7713552438513263,0.7680231090023188,0.7649249118041059,0.761551189678278,0.7582444806480473,0.7552696003254948,0.7521779350936001,0.749583687832399,0.7469026240556208,0.74412700637246,0.7412417544482666,0.7384403666776608,0.7357598238004601,0.7332107444017015,0.7305131321528595,0.7278792262042308,0.7252573547696802,0.7224579281401096,0.7199554608350757,0.7175064473170947,0.7149933110332342,0.7124108410880595,0.709693876591093,0.7073149577913154,0.7045126231032417,0.7019854280246776,0.6997134940714215,0.696850325812856,0.694323776103633,0.6914959678261255,0.6889795726284189,0.6862803164223573,0.6840409083172073,0.6817866903053494,0.6795447268463642,0.6769908890945598,0.67463718580528,0.6723770647848427,0.6700943428132491,0.6680384137724213,0.6660279190860294,0.663782508383079,0.6616217861961864,0.6597892941941723,0.6575769351549765,0.655691541221531,0.6537850019690897,0.651824834700447,0.6498174165477821,0.6477018787370054,0.6457603627208006,0.6434404994525681,0.6413613236186012,0.6393693105771926,0.6374753911847625,0.6355739684113373,0.6336401297047052,0.6316279229982231,0.6295710858627261,0.628102142446952,0.6260589093684193,0.6242710001312702,0.6225432227354236,0.6210570560898021,0.6193330249331884,0.6177328542765232,0.6159106064036382,0.6140244772977937,0.6121131571797205,0.610531832965323,0.6088068093466118,0.6071862628595653,0.6055723471115718,0.6037755411754011,0.6022144712846953,0.6002564617578682,0.5989033643514731,0.5971689688455806,0.5956368256276942,0.5940743202633386,0.5924025007453643,0.5905243554019097,0.5891814891534328,0.5876061743908455,0.5863231507644379,0.58484667558021,0.58326695738025,0.5816637686937712,0.5802037150991546,0.5787452972635779,0.5770736450533641,0.5755386213243764,0.5738934409628154,0.572227593231512,0.5707330496286941,0.5694101112065004,0.5679437287856048,0.5664454399225722,0.5651540444067656,0.5637898489427898,0.5624860418006971,0.5609127534386124,0.5596827814578567,0.5582668352733186,0.5566695789522832,0.5553535211476058,0.5542221802068029,0.552834783637761,0.551521218256535,0.550289127734448,0.5490375947685167,0.5477160758683408,0.546472889166373,0.5450123571627933,0.5436729067285004,0.5422836802195659,0.5412733191686627,0.5398894026061041,0.5384673793388369,0.5371872471320331,0.5357047665817917,0.5343783143254227,0.5332737540786745,0.5319855907999319,0.5307113236243272,0.529613602397199,0.5281563600062585,0.5267374909415938,0.5253922755063603,0.5242989054338405,0.5229564989808223,0.5217806946784393,0.5204705786850644,0.5193082626189516,0.5180839277426252,0.5167841124033955,0.5156631693707606,0.5144603089403263,0.5131738496286821,0.5120573393366378,0.5107451813424719,0.5094483762737894,0.5082220537045689,0.5068874362301233,0.5058484376598195,0.5047539352174433,0.5034382248061791,0.5021755377853818,0.5008990100306483,0.49958875948119885,0.4985093448233899,0.497037320183462,0.49570308423331155,0.49463727776583083,0.49345767748761404,0.4922076174524643,0.49085790842163607,0.4896398421854144,0.4885278386399909,0.48720722657687376,0.48603686191011564,0.4849479965719859,0.48370794430769637,0.4825289498552114,0.4814979369505181,0.48026406748714073,0.47909943553492373,0.4781021343987976,0.47690501656178425,0.4757007915904855,0.4749230691705631,0.47359182262594757,0.4724748915218804,0.4714299295940827,0.470602742265987,0.4693238828288263,0.46796077499717664,0.14242801868664842],[0.6253908692933083,0.32833020637898686,0.300187617260788,0.2870544090056285,0.2870544090056285,0.2795497185741088,0.28267667292057536,0.27454659161976236,0.2795497185741088,0.2776735459662289,0.27204502814258913,0.27329580988117574,0.2695434646654159,0.2689180737961226,0.26516572858036275,0.2695434646654159,0.2707942464040025,0.26454033771106944,0.26579111944965605,0.2626641651031895,0.2551594746716698,0.2551594746716698,0.25390869293308316,0.25328330206378985,0.25390869293308316,0.25203252032520324,0.25328330206378985,0.2501563477173233,0.2501563477173233,0.2501563477173233,0.24765478424015008,0.24640400250156347,0.24640400250156347,0.24702939337085678,0.24515322076297685,0.24452782989368355,0.24577861163227016,0.24515322076297685,0.241400875547217,0.2407754846779237,0.24515322076297685,0.24327704815509693,0.24390243902439024,0.2407754846779237,0.24265165728580362,0.241400875547217,0.2401500938086304,0.23827392120075047,0.23639774859287055,0.23577235772357724,0.23764853033145716,0.23514696685428393,0.23577235772357724,0.233270794246404,0.23389618511569732,0.233270794246404,0.2313946216385241,0.22951844903064414,0.23014383989993747,0.22826766729205752,0.22764227642276422,0.22826766729205752,0.23076923076923078,0.23076923076923078,0.23076923076923078,0.22951844903064414,0.23014383989993747,0.22889305816135083,0.2270168855534709,0.22764227642276422,0.2270168855534709,0.22764227642276422,0.2270168855534709,0.2263914946841776,0.2270168855534709,0.2270168855534709,0.2263914946841776,0.225140712945591,0.22451532207629768,0.22013758599124453,0.2176360225140713,0.2188868042526579,0.2182614133833646,0.21325828642901815,0.21263289555972484,0.21325828642901815,0.21075672295184492,0.21138211382113822,0.21075672295184492,0.20888055034396497,0.20950594121325827,0.20950594121325827,0.21138211382113822,0.21075672295184492,0.21075672295184492,0.2101313320825516,0.2101313320825516,0.20700437773608504,0.20762976860537835,0.20700437773608504,0.20825515947467166,0.20575359599749843,0.20512820512820512,0.2038774233896185,0.20200125078173858,0.2032520325203252,0.2032520325203252,0.2045028142589118,0.20137585991244528,0.20200125078173858,0.20012507817385866,0.20075046904315197,0.19949968730456535,0.19887429643527205,0.19824890556597874,0.19699812382739212,0.19762351469668543,0.19762351469668543,0.1957473420888055,0.1957473420888055,0.1938711694809256,0.19324577861163228,0.19199499687304566,0.19136960600375236,0.19074421513445905,0.19011882426516574,0.19199499687304566,0.19199499687304566,0.19074421513445905,0.19011882426516574,0.19199499687304566,0.19074421513445905,0.19199499687304566,0.19136960600375236,0.19136960600375236,0.19074421513445905,0.19136960600375236,0.1894934333958724,0.1894934333958724,0.1882426516572858,0.1888680425265791,0.1882426516572858,0.18761726078799248,0.1882426516572858,0.18761726078799248,0.18761726078799248,0.18699186991869918,0.18699186991869918,0.18761726078799248,0.18449030644152595,0.18511569731081925,0.18449030644152595,0.18386491557223264,0.18261413383364603,0.18261413383364603,0.18323952470293933,0.1813633520950594,0.18198874296435272,0.1801125703564728,0.17823639774859287,0.17823639774859287,0.17761100687929957,0.17823639774859287,0.17636022514071295,0.17698561601000626,0.17698561601000626,0.17573483427141964,0.17448405253283303,0.17448405253283303,0.17448405253283303,0.1726078799249531,0.1713570981863665,0.1713570981863665,0.17073170731707318,0.1713570981863665,0.1713570981863665,0.17073170731707318,0.1719824890556598,0.17073170731707318,0.17010631644777988,0.17010631644777988,0.16823014383989993,0.16885553470919323,0.16823014383989993,0.16885553470919323,0.16885553470919323,0.16885553470919323,0.16823014383989993,0.16635397123202,0.1651031894934334,0.16385240775484677,0.1651031894934334,0.16385240775484677,0.16322701688555347,0.16322701688555347,0.16260162601626016,0.16260162601626016,0.16072545340838024,0.16135084427767354,0.16072545340838024,0.16135084427767354,0.16072545340838024,0.15947467166979362,0.16072545340838024,0.16010006253908693,0.15947467166979362,0.15884928080050031,0.158223889931207,0.15884928080050031,0.1569731081926204,0.15572232645403378,0.15572232645403378,0.15322076297686055,0.15384615384615385,0.15322076297686055,0.15259537210756724,0.15259537210756724,0.15196998123827393,0.15322076297686055,0.15259537210756724,0.15322076297686055,0.15196998123827393,0.15259537210756724,0.15322076297686055,0.15322076297686055,0.15259537210756724,0.15196998123827393,0.15196998123827393,0.15134459036898062,0.15071919949968732,0.15134459036898062,0.15071919949968732,0.14821763602251406,0.14821763602251406,0.14884302689180737,0.15134459036898062,0.14821763602251406,0.14759224515322075,0.14884302689180737,0.14884302689180737,0.14821763602251406,0.14759224515322075,0.14821763602251406,0.14821763602251406,0.14696685428392744,0.14509068167604752,0.14571607254534083,0.1432145090681676,0.1432145090681676,0.1432145090681676,0.14196372732958099,0.14196372732958099,0.1425891181988743,0.14196372732958099,0.14008755472170106,0.14071294559099437,0.14071294559099437,0.14133833646028768,0.14196372732958099,0.14133833646028768,0.14071294559099437,0.14008755472170106,0.13946216385240776,0.13821138211382114,0.13883677298311445,0.13758599124452783,0.13758599124452783,0.13821138211382114,0.13883677298311445,0.13696060037523453,0.1350844277673546,0.133833646028768,0.1350844277673546,0.1357098186366479,0.133833646028768,0.13258286429018137,0.13008130081300814,0.1282051282051282,0.1282051282051282,0.1275797373358349,0.1275797373358349,0.12570356472795496,0.12632895559724827,0.12695434646654158,0.12632895559724827,0.12570356472795496,0.12570356472795496,0.12507817385866166,0.12382739212007504,0.12382739212007504,0.12382739212007504,0.12445278298936835,0.12445278298936835,0.12382739212007504,0.12320200125078173,0.12257661038148843,0.12257661038148843,0.12257661038148843,0.12195121951219512,0.005628517823639775],[0.8333333333333376,0.8296775993046004,0.8261326468460523,0.8226321778476977,0.819007479581427,0.8153110710244035,0.81170044994902,0.8080489227438242,0.8044494283920812,0.8009545570963273,0.7974058362660029,0.7940493775685392,0.7907431446859992,0.7871358390287723,0.7838706409216135,0.7805779119319037,0.7771792413206864,0.7738232487542099,0.7703696529223598,0.7672391418459035,0.7638168321584009,0.760519230752711,0.7572749095929407,0.7541717979601488,0.7509911801229071,0.7478615443876052,0.7447616318540714,0.7417543047462211,0.7387695459923402,0.7356287247675687,0.7326929280703779,0.7296218747024167,0.7266170631927823,0.7236858523804691,0.7206976321674186,0.7177372707564403,0.7148775552530077,0.7119704246782872,0.709019791860225,0.7061749416580609,0.7031483786027376,0.7003719665813805,0.6976246024884275,0.6949918013780788,0.6921990458804064,0.6894945109243198,0.6867229716176011,0.6841321451996693,0.6815857233255805,0.6788303043506235,0.6761112135737517,0.673427028922279,0.6706658107963244,0.6681325307228765,0.6655725924652519,0.6631412834022802,0.6607353811382569,0.658267634722244,0.6557869365702983,0.6533162614895469,0.6510071437979538,0.648838264473301,0.6467386238757264,0.6445883313489068,0.6422216225690072,0.6398321568116917,0.6375727144931063,0.6353081421632665,0.6330851368978517,0.6311038709533755,0.6290443590921884,0.6269747907962381,0.6249998636798259,0.6228444587782245,0.6207685204686799,0.6187611392038895,0.6168914453413519,0.6148960091129425,0.6129006468919593,0.6109833119890752,0.6088531684509698,0.6067890265849585,0.6048784496785333,0.6029834549759673,0.6010941903329483,0.5990966904854155,0.5972248160896421,0.595416879199141,0.5935387822513093,0.5917434703083563,0.5898698090845246,0.5880156712372638,0.5862248038265805,0.5845178592136019,0.5828017849142949,0.5810225555989832,0.5791979203838844,0.5774383609960482,0.5757827666686512,0.5740443314720945,0.5723607282719662,0.5707290168714743,0.5690684740307361,0.5675412425622609,0.5658886553229046,0.5641528948743496,0.5625300241369992,0.5609133404401747,0.5594385198553303,0.5577564098470396,0.5561913166592015,0.5547489870575084,0.5532521664139899,0.551581128242335,0.5500922220107278,0.5485934569838181,0.5470773532382553,0.5456941873586549,0.5443174790885053,0.5427311289315935,0.5414021492876991,0.5401319558191298,0.5385932881403848,0.5371812349222291,0.5358881790714614,0.5343829044361293,0.5330223717284577,0.5316277061286199,0.5303867681369739,0.5292659523288633,0.5281057115895132,0.5268047520596526,0.5255323754951615,0.5242813482391495,0.5231506554653389,0.5220543828709041,0.5209067287422547,0.5197094635356158,0.5185117629002346,0.5172130888749967,0.5160228146307787,0.5148512790641444,0.5136938885010246,0.5125037909562354,0.5113568772772566,0.5102821799649515,0.5089929965848545,0.5077346968849762,0.5066827662665405,0.5052844192547845,0.504163360410313,0.5028336306417195,0.5017624289686579,0.5004204399605537,0.4992935328530248,0.4982007347350831,0.4972273388630339,0.49611501837077665,0.49500684908424614,0.4940233712481679,0.49290341060585996,0.4919928440352088,0.49109418687692524,0.49003798776424845,0.48903825694312064,0.48816349628120004,0.48720383259699446,0.4864187982491895,0.4855007550306053,0.48472730161482536,0.48371417052425186,0.4827315845963328,0.48186704707617917,0.4807615663286906,0.47971556078919936,0.4786858222584928,0.4777426812414833,0.4768341089084487,0.4757216162052592,0.4747322406448257,0.4738719449090985,0.47318476878948584,0.47216942054443617,0.4713562543259595,0.4705877934615984,0.46983281368308605,0.4690077317397528,0.46826049582820295,0.4673682161109328,0.4665780036483287,0.4656053681965164,0.46483092238885926,0.4640721400355528,0.4633078584456585,0.46258389304337916,0.4617444743121066,0.4609510236449267,0.45990530323819007,0.4592903118942429,0.45850323893943795,0.45781275141767347,0.45703732854437285,0.45622373775121006,0.4553600819961951,0.45472007961238303,0.45398145940708734,0.4534025273110149,0.45263387519389775,0.45184835766904347,0.45107998761575746,0.45032398153495423,0.4496708579873313,0.44886210730116344,0.44815063725412135,0.44731071178839266,0.4464635624848813,0.4457217266287067,0.4450677109710734,0.4442504623674949,0.443424628691379,0.44272575563917405,0.4420643034050734,0.44137223276525006,0.44064672022227236,0.44013340108091376,0.4394052864715245,0.43856466172973824,0.43791376163012,0.43732825394403163,0.43660131094133053,0.4359712781675439,0.4352909853597598,0.43457700386991255,0.43394363619146975,0.433358431585333,0.43252747321674057,0.4316849743760162,0.4309848215615107,0.4305071795484153,0.42978857910762813,0.4290929161541844,0.4283470954251148,0.42761217694122783,0.42699194737368207,0.4264078752312272,0.4257863417287973,0.4250951577540919,0.4245273670173472,0.42367051818501295,0.42297843579828737,0.4223148907914314,0.42172578865460747,0.4210444806807007,0.4204397182989287,0.41980671078671405,0.4192082084183643,0.41856099900640675,0.4178863280857019,0.41730227801741154,0.41677627252261334,0.4160014084951045,0.4153949015438452,0.41474607967569244,0.41400527795668707,0.41331245465565253,0.41255407288988205,0.4119685665635544,0.41140659862850937,0.41067451626547496,0.4099827651536937,0.40933118323388096,0.40868605697887767,0.4080417086887644,0.40735779145350587,0.40665155987980034,0.4060966575371342,0.405459569071138,0.4049078390078512,0.4041614357369889,0.40346201325793946,0.40290309650977324,0.4021721543783103,0.401494151187449,0.4009840995128765,0.4003471013615637,0.39976415656826203,0.3991978904076588,0.39856434395968193,0.39787536633027465,0.39731111817361653,0.3967817061564456,0.39606519519790745,0.39570259139557107,0.394965014021624,0.3943275269439615,0.3938109378949959,0.39347990053390264,0.39278384947327033,0.39207725076778815,0.16456141896524387],[1.7917594692280547,1.7701363716547025,1.7496907902754213,1.7299525713931974,1.7100065391331742,1.690166315449822,1.6712002074082792,1.6524371636832573,1.6343526042703098,1.6171333069890663,1.5999170231676574,1.583967835677015,1.5685716963156724,1.55197314475809,1.537247363299155,1.5226194210044672,1.5076789471989391,1.4932997815105538,1.4787240764000058,1.4656803560117702,1.4516555250197087,1.4382542773003388,1.4254102226692704,1.413283970397308,1.4009928978049995,1.389022335667422,1.377301763970712,1.366085013389753,1.3551419778374039,1.3436816826808937,1.333076575341522,1.3221216152026078,1.3115449955906326,1.3013082753963847,1.2909291138626635,1.2808343725723768,1.2712127173259171,1.261525280962284,1.2517012274363384,1.242475412724266,1.2326128606091957,1.2236568047404464,1.2147832860274306,1.2063901665634607,1.1976309428752723,1.1891957839973752,1.1805941599051661,1.172573186179666,1.164958187768415,1.1565603449779136,1.1482483185668388,1.1404046685323426,1.1322662914633053,1.1247789450233412,1.1173392528849828,1.1103717204995043,1.1034914605585437,1.0963667689213878,1.0892932677483558,1.0823260786956446,1.0758991726710592,1.0698428667269657,1.0640294133475774,1.0580622817924468,1.051426367164828,1.0449095158420392,1.0386681791549954,1.0325589430921491,1.0265405370621172,1.021232220071346,1.0156745491075123,1.0102082731048114,1.0051093188156455,0.9994011913793054,0.9939568501795758,0.9886407325323238,0.9836824395842589,0.9784671623444048,0.9732748117921294,0.9683670254299143,0.9629715824696259,0.9576211697845723,0.9527871250105617,0.9480446138825707,0.9431781695833438,0.9381437185873307,0.9333366267535291,0.928879609830323,0.9240670688306741,0.9196185907739792,0.9149897422290832,0.9103475318740779,0.9058881824755233,0.901758441952066,0.8974955162109214,0.8931109605468259,0.8886614380134376,0.8843296168083459,0.8803900805656552,0.8761091349141624,0.8719920954324001,0.8680939086952731,0.8640578114764247,0.8603909429407219,0.8563613479556631,0.8521640667516746,0.8483004181152227,0.8444620749368724,0.8409313321407033,0.836894310165525,0.833180861853771,0.8298296189105192,0.8263800971310471,0.8225181807765335,0.819060862065397,0.8154810147972512,0.8118993868834515,0.8087025866499441,0.805525956548956,0.801738210081641,0.7987066929500496,0.795865970980148,0.7922531642659433,0.7890777607064249,0.7861686140669193,0.7827207178771849,0.7796363898737557,0.7764368746922057,0.7736094310586804,0.7710963208266137,0.768417839853152,0.7655454375415776,0.7627735782294703,0.7599232646227644,0.7573617619648161,0.7548931486609073,0.7522837566483921,0.7495826763168714,0.7469126632496718,0.7440588154376253,0.7414094053169393,0.7388103463692494,0.7361432133482658,0.7334950544295326,0.730924361848016,0.7285182181461077,0.7255829239811856,0.7227822594895441,0.7203858911444843,0.7173705094683002,0.7149013749468028,0.7119459033119777,0.7096927342743902,0.706695672140139,0.7041944632331164,0.7017400416393048,0.6996967671241531,0.6972146876268152,0.6949082699261545,0.6928185082670975,0.6903623981880791,0.6884274769342539,0.6864787571376523,0.6841824517513039,0.6820336476100446,0.6801903996154787,0.678013051277434,0.676311756435609,0.6742977422724474,0.6725973603463458,0.6704572301439294,0.6682829064178747,0.6664599941123276,0.663980529044846,0.661578260239014,0.6593545512395349,0.6573039732792378,0.655348177131443,0.6529382675846687,0.6507141443382543,0.6488625303359712,0.6474501058186795,0.6453085265671147,0.6435267611106533,0.6419204751059951,0.6403514948968917,0.6385690046519464,0.6370332922686727,0.6351575652629714,0.6334286279208878,0.6313870420272544,0.6298140569150468,0.6282020678967839,0.626581408258582,0.6250774473400317,0.6232649607551943,0.6216765905237728,0.6195450863861474,0.61830139858931,0.6166684814406788,0.6151492148196789,0.6135296276718499,0.6117766202721381,0.609998413528516,0.6086485160056367,0.6071238429078462,0.6059664860125924,0.6043597755949285,0.6027617302794944,0.6011450226867585,0.5996382620792452,0.5983214312479537,0.5966363215575824,0.595090274112747,0.5932265724775965,0.5913992185667433,0.5899208467995235,0.5885951228572756,0.5869134839709413,0.5852162998035582,0.5837987221283513,0.5824826244537495,0.5810834223860916,0.5795337406855035,0.5784774383003655,0.5770587891877366,0.5753370082344785,0.5739155329976352,0.5727702086303132,0.5712299227522731,0.5700018092726483,0.56871015243231,0.5673297950057072,0.5660794237678392,0.5649042171397498,0.5632558449783949,0.561580087144421,0.5600499253677924,0.5590650718238424,0.5575994837231794,0.5562642934003628,0.554756145171514,0.5532357204222245,0.5520146428673064,0.5508332719030741,0.5495968951312699,0.5482683913086254,0.5471765468491893,0.5454680468113221,0.5440820450517704,0.5426774994003387,0.541487690687959,0.5401686079490882,0.5389450883244307,0.537714098224514,0.5365077980583869,0.5352461651165921,0.5338877632218718,0.532727136515137,0.5316649709420385,0.5301693061426018,0.5289100461648243,0.5276959897348408,0.5262884388322143,0.5249408132727571,0.5234709340626008,0.5223565183196314,0.5212939422651609,0.5198797020201972,0.5185275499235044,0.5172465704243726,0.5160264143016732,0.5147561181176219,0.5134555686952067,0.5120848428091515,0.5109716865781523,0.5097467977300714,0.5086012333322751,0.507129352523535,0.5058096862444155,0.504693845192216,0.5033177956198055,0.5019851230342393,0.5010127409348474,0.49981249816513373,0.4986887327741168,0.4976150770651017,0.4963953892103901,0.4950306216018653,0.49395196731795504,0.492900779632457,0.49147349566926213,0.49080505058197044,0.48932860079339263,0.48817717470016914,0.487211806897644,0.4865485697463648,0.48523847328697506,0.483873689127007,0.14607172293769022],[0.6303418803418803,0.3333333333333333,0.3333333333333333,0.31196581196581197,0.31837606837606836,0.3034188034188034,0.3076923076923077,0.30982905982905984,0.31196581196581197,0.3055555555555556,0.3076923076923077,0.29914529914529914,0.2948717948717949,0.297008547008547,0.297008547008547,0.3055555555555556,0.29914529914529914,0.2948717948717949,0.2948717948717949,0.2948717948717949,0.2799145299145299,0.2841880341880342,0.2777777777777778,0.2777777777777778,0.2799145299145299,0.2777777777777778,0.2799145299145299,0.2777777777777778,0.27564102564102566,0.27564102564102566,0.27350427350427353,0.27350427350427353,0.27136752136752135,0.27350427350427353,0.27564102564102566,0.27350427350427353,0.27350427350427353,0.2692307692307692,0.26495726495726496,0.26495726495726496,0.26495726495726496,0.26495726495726496,0.26495726495726496,0.2670940170940171,0.2670940170940171,0.2670940170940171,0.26495726495726496,0.26282051282051283,0.26495726495726496,0.26495726495726496,0.26495726495726496,0.26282051282051283,0.26282051282051283,0.2606837606837607,0.26495726495726496,0.26495726495726496,0.26282051282051283,0.26495726495726496,0.26282051282051283,0.25854700854700857,0.25854700854700857,0.25854700854700857,0.2564102564102564,0.25854700854700857,0.2564102564102564,0.2564102564102564,0.25427350427350426,0.25427350427350426,0.2564102564102564,0.25854700854700857,0.25854700854700857,0.25854700854700857,0.2606837606837607,0.25854700854700857,0.25854700854700857,0.25854700854700857,0.2606837606837607,0.2606837606837607,0.25854700854700857,0.25213675213675213,0.25,0.25,0.24572649572649571,0.24358974358974358,0.24786324786324787,0.24786324786324787,0.24145299145299146,0.24358974358974358,0.24145299145299146,0.23931623931623933,0.23931623931623933,0.23931623931623933,0.24145299145299146,0.23931623931623933,0.23931623931623933,0.23931623931623933,0.23931623931623933,0.2329059829059829,0.2329059829059829,0.23504273504273504,0.23717948717948717,0.2329059829059829,0.2329059829059829,0.2329059829059829,0.23076923076923078,0.23076923076923078,0.23076923076923078,0.23504273504273504,0.22863247863247863,0.22863247863247863,0.22435897435897437,0.2264957264957265,0.22435897435897437,0.2222222222222222,0.2222222222222222,0.2222222222222222,0.2222222222222222,0.2222222222222222,0.22008547008547008,0.2222222222222222,0.22008547008547008,0.22008547008547008,0.21794871794871795,0.21581196581196582,0.21367521367521367,0.21367521367521367,0.21794871794871795,0.21794871794871795,0.21581196581196582,0.21581196581196582,0.21581196581196582,0.21367521367521367,0.21794871794871795,0.21794871794871795,0.21794871794871795,0.21794871794871795,0.21794871794871795,0.21581196581196582,0.21367521367521367,0.21367521367521367,0.21367521367521367,0.21367521367521367,0.21367521367521367,0.21367521367521367,0.21581196581196582,0.21581196581196582,0.21367521367521367,0.21367521367521367,0.21153846153846154,0.21153846153846154,0.21367521367521367,0.21153846153846154,0.21153846153846154,0.21153846153846154,0.21153846153846154,0.2094017094017094,0.2094017094017094,0.20726495726495728,0.20726495726495728,0.202991452991453,0.202991452991453,0.20085470085470086,0.20512820512820512,0.202991452991453,0.202991452991453,0.202991452991453,0.202991452991453,0.20085470085470086,0.20085470085470086,0.20085470085470086,0.20085470085470086,0.1987179487179487,0.1987179487179487,0.19658119658119658,0.1987179487179487,0.19658119658119658,0.19658119658119658,0.1987179487179487,0.19444444444444445,0.19444444444444445,0.19444444444444445,0.19444444444444445,0.19230769230769232,0.19017094017094016,0.19230769230769232,0.19230769230769232,0.19230769230769232,0.19017094017094016,0.18803418803418803,0.18803418803418803,0.1858974358974359,0.19017094017094016,0.19017094017094016,0.19017094017094016,0.18803418803418803,0.18803418803418803,0.18803418803418803,0.1858974358974359,0.1858974358974359,0.1858974358974359,0.1858974358974359,0.1858974358974359,0.1858974358974359,0.1858974358974359,0.1858974358974359,0.1858974358974359,0.1858974358974359,0.1858974358974359,0.1858974358974359,0.18376068376068377,0.1794871794871795,0.1794871794871795,0.17735042735042736,0.17735042735042736,0.17735042735042736,0.17735042735042736,0.17735042735042736,0.17735042735042736,0.17735042735042736,0.17735042735042736,0.17735042735042736,0.17735042735042736,0.17735042735042736,0.17735042735042736,0.17735042735042736,0.17735042735042736,0.17735042735042736,0.17735042735042736,0.17735042735042736,0.1752136752136752,0.17735042735042736,0.1752136752136752,0.17094017094017094,0.17094017094017094,0.17307692307692307,0.1752136752136752,0.17094017094017094,0.17094017094017094,0.17307692307692307,0.17307692307692307,0.17094017094017094,0.17094017094017094,0.17094017094017094,0.17094017094017094,0.17094017094017094,0.17094017094017094,0.17094017094017094,0.16880341880341881,0.16880341880341881,0.16880341880341881,0.16880341880341881,0.16880341880341881,0.16880341880341881,0.16452991452991453,0.16452991452991453,0.16452991452991453,0.16452991452991453,0.16452991452991453,0.16880341880341881,0.16666666666666666,0.16452991452991453,0.1623931623931624,0.16025641025641027,0.16025641025641027,0.16025641025641027,0.16025641025641027,0.16025641025641027,0.16025641025641027,0.16025641025641027,0.16025641025641027,0.1581196581196581,0.1581196581196581,0.1623931623931624,0.1623931623931624,0.1581196581196581,0.15598290598290598,0.14957264957264957,0.1452991452991453,0.14743589743589744,0.14743589743589744,0.14743589743589744,0.14316239316239315,0.14743589743589744,0.1452991452991453,0.14316239316239315,0.14316239316239315,0.14316239316239315,0.14316239316239315,0.14102564102564102,0.14102564102564102,0.14102564102564102,0.14102564102564102,0.14102564102564102,0.14316239316239315,0.14316239316239315,0.14316239316239315,0.14316239316239315,0.14102564102564102,0.1388888888888889,0.00641025641025641]]},"training_metrics":{"__meta":{"schema_version":3,"schema_name":"ModelMetricsMultinomialV3","schema_type":"ModelMetricsMultinomial"},"model":{"__meta":{"schema_version":3,"schema_name":"ModelKeyV3","schema_type":"Key<Model>"},"name":"wine_qlty_gbm","type":"Key<Model>","URL":"/3/Models/wine_qlty_gbm"},"model_checksum":-2922160089745842556,"frame":{"__meta":{"schema_version":3,"schema_name":"FrameKeyV3","schema_type":"Key<Frame>"},"name":"py_2_sid_ba6c","type":"Key<Frame>","URL":"/3/Frames/py_2_sid_ba6c"},"frame_checksum":-5363130597811022024,"description":null,"model_category":"Multinomial","scoring_time":1545936804040,"predictions":null,"MSE":0.025649734721565846,"RMSE":0.16015534559160316,"nobs":1599,"custom_metric_name":null,"custom_metric_value":0.0,"r2":0.9606454623223684,"hit_ratio_table":{"__meta":{"schema_version":3,"schema_name":"TwoDimTableV3","schema_type":"TwoDimTable"},"name":"Top-6 Hit Ratios","description":"","columns":[{"__meta":{"schema_version":-1,"schema_name":"ColumnSpecsBase","schema_type":"Iced"},"name":"k","type":"string","format":"%s","description":"K"},{"__meta":{"schema_version":-1,"schema_name":"ColumnSpecsBase","schema_type":"Iced"},"name":"hit_ratio","type":"float","format":"%f","description":"Hit Ratio"}],"rowcount":6,"data":[["1","2","3","4","5","6"],[0.9943715,1.0,1.0,1.0,1.0,1.0]]},"cm":{"__meta":{"schema_version":3,"schema_name":"ConfusionMatrixV3","schema_type":"ConfusionMatrix"},"table":{"__meta":{"schema_version":3,"schema_name":"TwoDimTableV3","schema_type":"TwoDimTable"},"name":"Confusion Matrix","description":"Row labels: Actual class; Column labels: Predicted class","columns":[{"__meta":{"schema_version":-1,"schema_name":"ColumnSpecsBase","schema_type":"Iced"},"name":"3","type":"long","format":"%d","description":"3"},{"__meta":{"schema_version":-1,"schema_name":"ColumnSpecsBase","schema_type":"Iced"},"name":"4","type":"long","format":"%d","description":"4"},{"__meta":{"schema_version":-1,"schema_name":"ColumnSpecsBase","schema_type":"Iced"},"name":"5","type":"long","format":"%d","description":"5"},{"__meta":{"schema_version":-1,"schema_name":"ColumnSpecsBase","schema_type":"Iced"},"name":"6","type":"long","format":"%d","description":"6"},{"__meta":{"schema_version":-1,"schema_name":"ColumnSpecsBase","schema_type":"Iced"},"name":"7","type":"long","format":"%d","description":"7"},{"__meta":{"schema_version":-1,"schema_name":"ColumnSpecsBase","schema_type":"Iced"},"name":"8","type":"long","format":"%d","description":"8"},{"__meta":{"schema_version":-1,"schema_name":"ColumnSpecsBase","schema_type":"Iced"},"name":"Error","type":"double","format":"%.4f","description":"Error"},{"__meta":{"schema_version":-1,"schema_name":"ColumnSpecsBase","schema_type":"Iced"},"name":"Rate","type":"string","format":"= %9s","description":"Rate"}],"rowcount":7,"data":[[10,0,0,0,0,0,10],[0,53,0,0,0,0,53],[0,0,677,5,0,0,682],[0,0,4,633,0,0,637],[0,0,0,0,199,0,199],[0,0,0,0,0,18,18],[0.0,0.0,0.005873715124816446,0.007836990595611285,0.0,0.0,0.005628517823639775],["0 / 10","0 / 53","4 / 681","5 / 638","0 / 199","0 / 18","9 / 1.599"]]}},"logloss":0.14242801868664842,"mean_per_class_error":0.0022851176200712887},"validation_metrics":{"__meta":{"schema_version":3,"schema_name":"ModelMetricsMultinomialV3","schema_type":"ModelMetricsMultinomial"},"model":{"__meta":{"schema_version":3,"schema_name":"ModelKeyV3","schema_type":"Key<Model>"},"name":"wine_qlty_gbm","type":"Key<Model>","URL":"/3/Models/wine_qlty_gbm"},"model_checksum":-2922160089745842556,"frame":{"__meta":{"schema_version":3,"schema_name":"FrameKeyV3","schema_type":"Key<Frame>"},"name":"py_6_sid_ba6c","type":"Key<Frame>","URL":"/3/Frames/py_6_sid_ba6c"},"frame_checksum":4049244429067827904,"description":null,"model_category":"Multinomial","scoring_time":1545936804495,"predictions":null,"MSE":0.027080460611854523,"RMSE":0.16456141896524387,"nobs":468,"custom_metric_name":null,"custom_metric_value":0.0,"r2":0.9616297657843781,"hit_ratio_table":{"__meta":{"schema_version":3,"schema_name":"TwoDimTableV3","schema_type":"TwoDimTable"},"name":"Top-6 Hit Ratios","description":"","columns":[{"__meta":{"schema_version":-1,"schema_name":"ColumnSpecsBase","schema_type":"Iced"},"name":"k","type":"string","format":"%s","description":"K"},{"__meta":{"schema_version":-1,"schema_name":"ColumnSpecsBase","schema_type":"Iced"},"name":"hit_ratio","type":"float","format":"%f","description":"Hit Ratio"}],"rowcount":6,"data":[["1","2","3","4","5","6"],[0.99358976,1.0,1.0,1.0,1.0,1.0]]},"cm":{"__meta":{"schema_version":3,"schema_name":"ConfusionMatrixV3","schema_type":"ConfusionMatrix"},"table":{"__meta":{"schema_version":3,"schema_name":"TwoDimTableV3","schema_type":"TwoDimTable"},"name":"Confusion Matrix","description":"Row labels: Actual class; Column labels: Predicted class","columns":[{"__meta":{"schema_version":-1,"schema_name":"ColumnSpecsBase","schema_type":"Iced"},"name":"3","type":"long","format":"%d","description":"3"},{"__meta":{"schema_version":-1,"schema_name":"ColumnSpecsBase","schema_type":"Iced"},"name":"4","type":"long","format":"%d","description":"4"},{"__meta":{"schema_version":-1,"schema_name":"ColumnSpecsBase","schema_type":"Iced"},"name":"5","type":"long","format":"%d","description":"5"},{"__meta":{"schema_version":-1,"schema_name":"ColumnSpecsBase","schema_type":"Iced"},"name":"6","type":"long","format":"%d","description":"6"},{"__meta":{"schema_version":-1,"schema_name":"ColumnSpecsBase","schema_type":"Iced"},"name":"7","type":"long","format":"%d","description":"7"},{"__meta":{"schema_version":-1,"schema_name":"ColumnSpecsBase","schema_type":"Iced"},"name":"8","type":"long","format":"%d","description":"8"},{"__meta":{"schema_version":-1,"schema_name":"ColumnSpecsBase","schema_type":"Iced"},"name":"Error","type":"double","format":"%.4f","description":"Error"},{"__meta":{"schema_version":-1,"schema_name":"ColumnSpecsBase","schema_type":"Iced"},"name":"Rate","type":"string","format":"= %7s","description":"Rate"}],"rowcount":7,"data":[[5,0,0,0,0,0,5],[0,18,0,0,0,0,18],[0,0,194,1,0,0,195],[0,0,2,187,0,0,189],[0,0,0,0,53,0,53],[0,0,0,0,0,8,8],[0.0,0.0,0.01020408163265306,0.005319148936170213,0.0,0.0,0.00641025641025641],["0 / 5","0 / 18","2 / 196","1 / 188","0 / 53","0 / 8","3 / 468"]]}},"logloss":0.14607172293769022,"mean_per_class_error":0.0025872050948038787},"cross_validation_metrics":null,"cross_validation_metrics_summary":null,"status":null,"start_time":1545936796636,"end_time":1545936804506,"run_time":7870,"help":{"validation_metrics":"Validation data model metrics", "cross_validation_metrics_summary":"Cross-validation model metrics summary", "run_time":"Runtime in milliseconds", "status":"Job status", "domains":"Domains for categorical columns", "model_category":"Category of the model (e.g., Binomial)", "__meta":"Metadata on this schema instance, to make it self-describing.", "variable_importances":"Variable Importances", "model_summary":"Model summary", "scoring_history":"Scoring history", "help":"Help information for output fields", "end_time":"End time in milliseconds", "names":"Column names", "cross_validation_fold_assignment_frame_id":"Cross-validation fold assignment (each row is assigned to one holdout fold)", "start_time":"Start time in milliseconds", "training_metrics":"Training data model metrics", "cross_validation_models":"Cross-validation models (model ids)", "cross_validation_metrics":"Cross-validation model metrics", "cross_validation_predictions":"Cross-validation predictions, one per cv model (deprecated, use cross_validation_holdout_predictions_frame_id instead)", "init_f":"The Intercept term, the initial model function value to which trees make adjustments", "cross_validation_holdout_predictions_frame_id":"Cross-validation holdout predictions (full out-of-sample predictions on training data)"},"variable_importances":{"__meta":{"schema_version":3,"schema_name":"TwoDimTableV3","schema_type":"TwoDimTable"},"name":"Variable Importances","description":"","columns":[{"__meta":{"schema_version":-1,"schema_name":"ColumnSpecsBase","schema_type":"Iced"},"name":"variable","type":"string","format":"%s","description":"Variable"},{"__meta":{"schema_version":-1,"schema_name":"ColumnSpecsBase","schema_type":"Iced"},"name":"relative_importance","type":"double","format":"%5f","description":"Relative Importance"},{"__meta":{"schema_version":-1,"schema_name":"ColumnSpecsBase","schema_type":"Iced"},"name":"scaled_importance","type":"double","format":"%5f","description":"Scaled Importance"},{"__meta":{"schema_version":-1,"schema_name":"ColumnSpecsBase","schema_type":"Iced"},"name":"percentage","type":"double","format":"%5f","description":"Percentage"}],"rowcount":11,"data":[["alcohol","sulphates","total sulfur dioxide","volatile acidity","pH","density","fixed acidity","citric acid","chlorides","free sulfur dioxide","residual sugar"],[6476.88330078125,3385.192138671875,3055.5498046875,3037.6796875,2194.869140625,2151.601806640625,2052.416259765625,1929.0201416015625,1849.9608154296875,1719.2349853515625,1669.4271240234375],[1.0,0.522657577953203,0.4717623682240709,0.4690033070587502,0.33887736411126196,0.3321970933737676,0.3168833163194495,0.2978315421197849,0.2856251578913801,0.26544171100692615,0.2577516139316682],[0.21939297661505627,0.11466740177756901,0.10350135021964715,0.10289603157792443,0.074347313619834,0.07288170913814065,0.06952197400697446,0.06534214855551213,0.0626641535859353,0.05823604709560307,0.056548893807803494]]},"init_f":0.0},"compatible_frames":null}
